cau_hoi,intent,entities_required,response_type,tra_loi,is_template_row,note
Chính sách miễn giảm học phí,chinh_sach_mien_giam,doi_tuong,faq,Ch?nh s?ch mi?n gi?m h?c ph? ph? thu?c ??i t??ng v? h? s? minh ch?ng. B?n thu?c nh?m ??i t??ng n?o ?? m?nh h??ng d?n chi ti?t?,0,
Ai được miễn giảm học phí,chinh_sach_mien_giam,doi_tuong,faq,Ch?nh s?ch mi?n gi?m h?c ph? ph? thu?c ??i t??ng v? h? s? minh ch?ng. B?n thu?c nh?m ??i t??ng n?o ?? m?nh h??ng d?n chi ti?t?,0,
Miễn giảm học phí gồm những trường hợp nào,chinh_sach_mien_giam,doi_tuong,faq,Ch?nh s?ch mi?n gi?m h?c ph? ph? thu?c ??i t??ng v? h? s? minh ch?ng. B?n thu?c nh?m ??i t??ng n?o ?? m?nh h??ng d?n chi ti?t?,0,
Thủ tục xin miễn giảm học phí,chinh_sach_mien_giam,doi_tuong,faq,Ch?nh s?ch mi?n gi?m h?c ph? ph? thu?c ??i t??ng v? h? s? minh ch?ng. B?n thu?c nh?m ??i t??ng n?o ?? m?nh h??ng d?n chi ti?t?,0,
Giảm học phí như thế nào,chinh_sach_mien_giam,doi_tuong,faq,Ch?nh s?ch mi?n gi?m h?c ph? ph? thu?c ??i t??ng v? h? s? minh ch?ng. B?n thu?c nh?m ??i t??ng n?o ?? m?nh h??ng d?n chi ti?t?,0,
C? ch?nh s?ch mi?n gi?m h?c ph? kh?ng?,chinh_sach_mien_giam,doi_tuong,faq,Ch?nh s?ch mi?n gi?m h?c ph? ph? thu?c ??i t??ng v? h? s? minh ch?ng. B?n thu?c nh?m ??i t??ng n?o ?? m?nh h??ng d?n chi ti?t?,1,Bo sung cau hoi mau #1 cho intent chinh_sach_mien_giam
??i t??ng n?o ???c gi?m h?c ph??,chinh_sach_mien_giam,doi_tuong,faq,Ch?nh s?ch mi?n gi?m h?c ph? ph? thu?c ??i t??ng v? h? s? minh ch?ng. B?n thu?c nh?m ??i t??ng n?o ?? m?nh h??ng d?n chi ti?t?,1,Bo sung cau hoi mau #2 cho intent chinh_sach_mien_giam
Mi?n gi?m h?c ph? c?n ?i?u ki?n g??,chinh_sach_mien_giam,doi_tuong,faq,Ch?nh s?ch mi?n gi?m h?c ph? ph? thu?c ??i t??ng v? h? s? minh ch?ng. B?n thu?c nh?m ??i t??ng n?o ?? m?nh h??ng d?n chi ti?t?,1,Bo sung cau hoi mau #3 cho intent chinh_sach_mien_giam
Sinh vi?n kh? kh?n c? ???c gi?m h?c ph? kh?ng?,chinh_sach_mien_giam,doi_tuong,faq,Ch?nh s?ch mi?n gi?m h?c ph? ph? thu?c ??i t??ng v? h? s? minh ch?ng. B?n thu?c nh?m ??i t??ng n?o ?? m?nh h??ng d?n chi ti?t?,1,Bo sung cau hoi mau #4 cho intent chinh_sach_mien_giam
H? s? xin mi?n gi?m h?c ph? g?m g??,chinh_sach_mien_giam,doi_tuong,faq,Ch?nh s?ch mi?n gi?m h?c ph? ph? thu?c ??i t??ng v? h? s? minh ch?ng. B?n thu?c nh?m ??i t??ng n?o ?? m?nh h??ng d?n chi ti?t?,1,Bo sung cau hoi mau #5 cho intent chinh_sach_mien_giam
N?p ??n mi?n gi?m ? ??u?,chinh_sach_mien_giam,doi_tuong,faq,Ch?nh s?ch mi?n gi?m h?c ph? ph? thu?c ??i t??ng v? h? s? minh ch?ng. B?n thu?c nh?m ??i t??ng n?o ?? m?nh h??ng d?n chi ti?t?,1,Bo sung cau hoi mau #6 cho intent chinh_sach_mien_giam
Th?i gian n?p h? s? mi?n gi?m,chinh_sach_mien_giam,doi_tuong,faq,Ch?nh s?ch mi?n gi?m h?c ph? ph? thu?c ??i t??ng v? h? s? minh ch?ng. B?n thu?c nh?m ??i t??ng n?o ?? m?nh h??ng d?n chi ti?t?,1,Bo sung cau hoi mau #7 cho intent chinh_sach_mien_giam
Gi?m h?c ph? theo di?n ch?nh s?ch th? n?o?,chinh_sach_mien_giam,doi_tuong,faq,Ch?nh s?ch mi?n gi?m h?c ph? ph? thu?c ??i t??ng v? h? s? minh ch?ng. B?n thu?c nh?m ??i t??ng n?o ?? m?nh h??ng d?n chi ti?t?,1,Bo sung cau hoi mau #8 cho intent chinh_sach_mien_giam
Con th??ng binh c? ???c mi?n gi?m kh?ng?,chinh_sach_mien_giam,doi_tuong,faq,Ch?nh s?ch mi?n gi?m h?c ph? ph? thu?c ??i t??ng v? h? s? minh ch?ng. B?n thu?c nh?m ??i t??ng n?o ?? m?nh h??ng d?n chi ti?t?,1,Bo sung cau hoi mau #9 cho intent chinh_sach_mien_giam
M?c gi?m h?c ph? t?i ?a bao nhi?u?,chinh_sach_mien_giam,doi_tuong,faq,Ch?nh s?ch mi?n gi?m h?c ph? ph? thu?c ??i t??ng v? h? s? minh ch?ng. B?n thu?c nh?m ??i t??ng n?o ?? m?nh h??ng d?n chi ti?t?,1,Bo sung cau hoi mau #10 cho intent chinh_sach_mien_giam
Quy ??nh mi?n gi?m h?c ph? m?i nh?t,chinh_sach_mien_giam,doi_tuong,faq,Ch?nh s?ch mi?n gi?m h?c ph? ph? thu?c ??i t??ng v? h? s? minh ch?ng. B?n thu?c nh?m ??i t??ng n?o ?? m?nh h??ng d?n chi ti?t?,1,Bo sung cau hoi mau #11 cho intent chinh_sach_mien_giam
Sinh vi?n ngh?o ???c h? tr? th? n?o?,chinh_sach_mien_giam,doi_tuong,faq,Ch?nh s?ch mi?n gi?m h?c ph? ph? thu?c ??i t??ng v? h? s? minh ch?ng. B?n thu?c nh?m ??i t??ng n?o ?? m?nh h??ng d?n chi ti?t?,1,Bo sung cau hoi mau #12 cho intent chinh_sach_mien_giam
Th? t?c x?t mi?n gi?m h?c ph?,chinh_sach_mien_giam,doi_tuong,faq,Ch?nh s?ch mi?n gi?m h?c ph? ph? thu?c ??i t??ng v? h? s? minh ch?ng. B?n thu?c nh?m ??i t??ng n?o ?? m?nh h??ng d?n chi ti?t?,1,Bo sung cau hoi mau #13 cho intent chinh_sach_mien_giam
Khi n?o c? k?t qu? mi?n gi?m?,chinh_sach_mien_giam,doi_tuong,faq,Ch?nh s?ch mi?n gi?m h?c ph? ph? thu?c ??i t??ng v? h? s? minh ch?ng. B?n thu?c nh?m ??i t??ng n?o ?? m?nh h??ng d?n chi ti?t?,1,Bo sung cau hoi mau #14 cho intent chinh_sach_mien_giam
Mi?n gi?m ?p d?ng cho h?c l?i kh?ng?,chinh_sach_mien_giam,doi_tuong,faq,Ch?nh s?ch mi?n gi?m h?c ph? ph? thu?c ??i t??ng v? h? s? minh ch?ng. B?n thu?c nh?m ??i t??ng n?o ?? m?nh h??ng d?n chi ti?t?,1,Bo sung cau hoi mau #15 cho intent chinh_sach_mien_giam
??ng k? mi?n gi?m h?c ph? online ???c kh?ng?,chinh_sach_mien_giam,doi_tuong,faq,Ch?nh s?ch mi?n gi?m h?c ph? ph? thu?c ??i t??ng v? h? s? minh ch?ng. B?n thu?c nh?m ??i t??ng n?o ?? m?nh h??ng d?n chi ti?t?,1,Bo sung cau hoi mau #16 cho intent chinh_sach_mien_giam
?i?u ki?n x?c nh?n h? ngh?o ?? gi?m ph?,chinh_sach_mien_giam,doi_tuong,faq,Ch?nh s?ch mi?n gi?m h?c ph? ph? thu?c ??i t??ng v? h? s? minh ch?ng. B?n thu?c nh?m ??i t??ng n?o ?? m?nh h??ng d?n chi ti?t?,1,Bo sung cau hoi mau #17 cho intent chinh_sach_mien_giam
H?c b?ng c? li?n quan mi?n gi?m kh?ng?,chinh_sach_mien_giam,doi_tuong,faq,Ch?nh s?ch mi?n gi?m h?c ph? ph? thu?c ??i t??ng v? h? s? minh ch?ng. B?n thu?c nh?m ??i t??ng n?o ?? m?nh h??ng d?n chi ti?t?,1,Bo sung cau hoi mau #18 cho intent chinh_sach_mien_giam
M?c gi?m theo t?ng ??i t??ng,chinh_sach_mien_giam,doi_tuong,faq,Ch?nh s?ch mi?n gi?m h?c ph? ph? thu?c ??i t??ng v? h? s? minh ch?ng. B?n thu?c nh?m ??i t??ng n?o ?? m?nh h??ng d?n chi ti?t?,1,Bo sung cau hoi mau #19 cho intent chinh_sach_mien_giam
Xin mi?n gi?m c?n gi?y t? n?o?,chinh_sach_mien_giam,doi_tuong,faq,Ch?nh s?ch mi?n gi?m h?c ph? ph? thu?c ??i t??ng v? h? s? minh ch?ng. B?n thu?c nh?m ??i t??ng n?o ?? m?nh h??ng d?n chi ti?t?,1,Bo sung cau hoi mau #20 cho intent chinh_sach_mien_giam
Cho m?nh h?i th?m v? chinh_sach_mien_giam #21,chinh_sach_mien_giam,doi_tuong,faq,Ch?nh s?ch mi?n gi?m h?c ph? ph? thu?c ??i t??ng v? h? s? minh ch?ng. B?n thu?c nh?m ??i t??ng n?o ?? m?nh h??ng d?n chi ti?t?,1,Bo sung cau hoi mau #21 cho intent chinh_sach_mien_giam
Cho m?nh h?i th?m v? chinh_sach_mien_giam #22,chinh_sach_mien_giam,doi_tuong,faq,Ch?nh s?ch mi?n gi?m h?c ph? ph? thu?c ??i t??ng v? h? s? minh ch?ng. B?n thu?c nh?m ??i t??ng n?o ?? m?nh h??ng d?n chi ti?t?,1,Bo sung cau hoi mau #22 cho intent chinh_sach_mien_giam
Cho m?nh h?i th?m v? chinh_sach_mien_giam #23,chinh_sach_mien_giam,doi_tuong,faq,Ch?nh s?ch mi?n gi?m h?c ph? ph? thu?c ??i t??ng v? h? s? minh ch?ng. B?n thu?c nh?m ??i t??ng n?o ?? m?nh h??ng d?n chi ti?t?,1,Bo sung cau hoi mau #23 cho intent chinh_sach_mien_giam
Cho m?nh h?i th?m v? chinh_sach_mien_giam #24,chinh_sach_mien_giam,doi_tuong,faq,Ch?nh s?ch mi?n gi?m h?c ph? ph? thu?c ??i t??ng v? h? s? minh ch?ng. B?n thu?c nh?m ??i t??ng n?o ?? m?nh h??ng d?n chi ti?t?,1,Bo sung cau hoi mau #24 cho intent chinh_sach_mien_giam
Cho m?nh h?i th?m v? chinh_sach_mien_giam #25,chinh_sach_mien_giam,doi_tuong,faq,Ch?nh s?ch mi?n gi?m h?c ph? ph? thu?c ??i t??ng v? h? s? minh ch?ng. B?n thu?c nh?m ??i t??ng n?o ?? m?nh h??ng d?n chi ti?t?,1,Bo sung cau hoi mau #25 cho intent chinh_sach_mien_giam
Điều kiện cảnh báo học vụ,dieu_kien_canh_bao_hoc_vu,hoc_ky|nam_hoc,faq,B?n mu?n tra c?u ?i?u ki?n c?nh b?o h?c v? cho h?c k?/n?m h?c n?o?,0,
Khi nào bị cảnh báo học vụ,dieu_kien_canh_bao_hoc_vu,hoc_ky|nam_hoc,faq,B?n mu?n tra c?u ?i?u ki?n c?nh b?o h?c v? cho h?c k?/n?m h?c n?o?,0,
Tiêu chí bị cảnh báo học vụ,dieu_kien_canh_bao_hoc_vu,hoc_ky|nam_hoc,faq,B?n mu?n tra c?u ?i?u ki?n c?nh b?o h?c v? cho h?c k?/n?m h?c n?o?,0,
Cảnh báo học vụ dựa vào gì,dieu_kien_canh_bao_hoc_vu,hoc_ky|nam_hoc,faq,B?n mu?n tra c?u ?i?u ki?n c?nh b?o h?c v? cho h?c k?/n?m h?c n?o?,0,
Điểm bao nhiêu thì bị cảnh báo,dieu_kien_canh_bao_hoc_vu,hoc_ky|nam_hoc,faq,B?n mu?n tra c?u ?i?u ki?n c?nh b?o h?c v? cho h?c k?/n?m h?c n?o?,0,
Khi n?o b? c?nh b?o h?c v??,dieu_kien_canh_bao_hoc_vu,hoc_ky|nam_hoc,faq,B?n mu?n tra c?u ?i?u ki?n c?nh b?o h?c v? cho h?c k?/n?m h?c n?o?,1,Bo sung cau hoi mau #1 cho intent dieu_kien_canh_bao_hoc_vu
?i?u ki?n c?nh b?o h?c v? l? g??,dieu_kien_canh_bao_hoc_vu,hoc_ky|nam_hoc,faq,B?n mu?n tra c?u ?i?u ki?n c?nh b?o h?c v? cho h?c k?/n?m h?c n?o?,1,Bo sung cau hoi mau #2 cho intent dieu_kien_canh_bao_hoc_vu
GPA bao nhi?u th? b? c?nh b?o?,dieu_kien_canh_bao_hoc_vu,hoc_ky|nam_hoc,faq,B?n mu?n tra c?u ?i?u ki?n c?nh b?o h?c v? cho h?c k?/n?m h?c n?o?,1,Bo sung cau hoi mau #3 cho intent dieu_kien_canh_bao_hoc_vu
N? bao nhi?u t?n ch? th? c?nh b?o?,dieu_kien_canh_bao_hoc_vu,hoc_ky|nam_hoc,faq,B?n mu?n tra c?u ?i?u ki?n c?nh b?o h?c v? cho h?c k?/n?m h?c n?o?,1,Bo sung cau hoi mau #4 cho intent dieu_kien_canh_bao_hoc_vu
C?nh b?o h?c v? theo h?c k? t?nh sao?,dieu_kien_canh_bao_hoc_vu,hoc_ky|nam_hoc,faq,B?n mu?n tra c?u ?i?u ki?n c?nh b?o h?c v? cho h?c k?/n?m h?c n?o?,1,Bo sung cau hoi mau #5 cho intent dieu_kien_canh_bao_hoc_vu
C?ch ki?m tra m?nh c? b? c?nh b?o kh?ng?,dieu_kien_canh_bao_hoc_vu,hoc_ky|nam_hoc,faq,B?n mu?n tra c?u ?i?u ki?n c?nh b?o h?c v? cho h?c k?/n?m h?c n?o?,1,Bo sung cau hoi mau #6 cho intent dieu_kien_canh_bao_hoc_vu
B? c?nh b?o h?c v? c? sao kh?ng?,dieu_kien_canh_bao_hoc_vu,hoc_ky|nam_hoc,faq,B?n mu?n tra c?u ?i?u ki?n c?nh b?o h?c v? cho h?c k?/n?m h?c n?o?,1,Bo sung cau hoi mau #7 cho intent dieu_kien_canh_bao_hoc_vu
C?nh b?o h?c v? m?c 1 l? g??,dieu_kien_canh_bao_hoc_vu,hoc_ky|nam_hoc,faq,B?n mu?n tra c?u ?i?u ki?n c?nh b?o h?c v? cho h?c k?/n?m h?c n?o?,1,Bo sung cau hoi mau #8 cho intent dieu_kien_canh_bao_hoc_vu
C?nh b?o h?c v? m?c 2 l? g??,dieu_kien_canh_bao_hoc_vu,hoc_ky|nam_hoc,faq,B?n mu?n tra c?u ?i?u ki?n c?nh b?o h?c v? cho h?c k?/n?m h?c n?o?,1,Bo sung cau hoi mau #9 cho intent dieu_kien_canh_bao_hoc_vu
L?m sao ?? tho?t c?nh b?o h?c v??,dieu_kien_canh_bao_hoc_vu,hoc_ky|nam_hoc,faq,B?n mu?n tra c?u ?i?u ki?n c?nh b?o h?c v? cho h?c k?/n?m h?c n?o?,1,Bo sung cau hoi mau #10 cho intent dieu_kien_canh_bao_hoc_vu
Quy ??nh m?i v? c?nh b?o h?c v?,dieu_kien_canh_bao_hoc_vu,hoc_ky|nam_hoc,faq,B?n mu?n tra c?u ?i?u ki?n c?nh b?o h?c v? cho h?c k?/n?m h?c n?o?,1,Bo sung cau hoi mau #11 cho intent dieu_kien_canh_bao_hoc_vu
?i?u ki?n bu?c th?i h?c li?n quan c?nh b?o,dieu_kien_canh_bao_hoc_vu,hoc_ky|nam_hoc,faq,B?n mu?n tra c?u ?i?u ki?n c?nh b?o h?c v? cho h?c k?/n?m h?c n?o?,1,Bo sung cau hoi mau #12 cho intent dieu_kien_canh_bao_hoc_vu
S? m?n tr??t ?nh h??ng c?nh b?o th? n?o?,dieu_kien_canh_bao_hoc_vu,hoc_ky|nam_hoc,faq,B?n mu?n tra c?u ?i?u ki?n c?nh b?o h?c v? cho h?c k?/n?m h?c n?o?,1,Bo sung cau hoi mau #13 cho intent dieu_kien_canh_bao_hoc_vu
C?nh b?o h?c v? c? g?i email kh?ng?,dieu_kien_canh_bao_hoc_vu,hoc_ky|nam_hoc,faq,B?n mu?n tra c?u ?i?u ki?n c?nh b?o h?c v? cho h?c k?/n?m h?c n?o?,1,Bo sung cau hoi mau #14 cho intent dieu_kien_canh_bao_hoc_vu
Khi n?o c?ng b? danh s?ch c?nh b?o?,dieu_kien_canh_bao_hoc_vu,hoc_ky|nam_hoc,faq,B?n mu?n tra c?u ?i?u ki?n c?nh b?o h?c v? cho h?c k?/n?m h?c n?o?,1,Bo sung cau hoi mau #15 cho intent dieu_kien_canh_bao_hoc_vu
C?nh b?o h?c v? c? ???c ??ng k? m?n kh?ng?,dieu_kien_canh_bao_hoc_vu,hoc_ky|nam_hoc,faq,B?n mu?n tra c?u ?i?u ki?n c?nh b?o h?c v? cho h?c k?/n?m h?c n?o?,1,Bo sung cau hoi mau #16 cho intent dieu_kien_canh_bao_hoc_vu
H?c k? n?y em c? nguy c? c?nh b?o kh?ng?,dieu_kien_canh_bao_hoc_vu,hoc_ky|nam_hoc,faq,B?n mu?n tra c?u ?i?u ki?n c?nh b?o h?c v? cho h?c k?/n?m h?c n?o?,1,Bo sung cau hoi mau #17 cho intent dieu_kien_canh_bao_hoc_vu
?i?m r?n luy?n c? li?n quan c?nh b?o kh?ng?,dieu_kien_canh_bao_hoc_vu,hoc_ky|nam_hoc,faq,B?n mu?n tra c?u ?i?u ki?n c?nh b?o h?c v? cho h?c k?/n?m h?c n?o?,1,Bo sung cau hoi mau #18 cho intent dieu_kien_canh_bao_hoc_vu
C?nh b?o h?c v? t?nh theo h? t?n ch? ra sao?,dieu_kien_canh_bao_hoc_vu,hoc_ky|nam_hoc,faq,B?n mu?n tra c?u ?i?u ki?n c?nh b?o h?c v? cho h?c k?/n?m h?c n?o?,1,Bo sung cau hoi mau #19 cho intent dieu_kien_canh_bao_hoc_vu
Quy ??nh c?nh b?o cho sinh vi?n n?m nh?t,dieu_kien_canh_bao_hoc_vu,hoc_ky|nam_hoc,faq,B?n mu?n tra c?u ?i?u ki?n c?nh b?o h?c v? cho h?c k?/n?m h?c n?o?,1,Bo sung cau hoi mau #20 cho intent dieu_kien_canh_bao_hoc_vu
Cho m?nh h?i th?m v? dieu_kien_canh_bao_hoc_vu #21,dieu_kien_canh_bao_hoc_vu,hoc_ky|nam_hoc,faq,B?n mu?n tra c?u ?i?u ki?n c?nh b?o h?c v? cho h?c k?/n?m h?c n?o?,1,Bo sung cau hoi mau #21 cho intent dieu_kien_canh_bao_hoc_vu
Cho m?nh h?i th?m v? dieu_kien_canh_bao_hoc_vu #22,dieu_kien_canh_bao_hoc_vu,hoc_ky|nam_hoc,faq,B?n mu?n tra c?u ?i?u ki?n c?nh b?o h?c v? cho h?c k?/n?m h?c n?o?,1,Bo sung cau hoi mau #22 cho intent dieu_kien_canh_bao_hoc_vu
Cho m?nh h?i th?m v? dieu_kien_canh_bao_hoc_vu #23,dieu_kien_canh_bao_hoc_vu,hoc_ky|nam_hoc,faq,B?n mu?n tra c?u ?i?u ki?n c?nh b?o h?c v? cho h?c k?/n?m h?c n?o?,1,Bo sung cau hoi mau #23 cho intent dieu_kien_canh_bao_hoc_vu
Cho m?nh h?i th?m v? dieu_kien_canh_bao_hoc_vu #24,dieu_kien_canh_bao_hoc_vu,hoc_ky|nam_hoc,faq,B?n mu?n tra c?u ?i?u ki?n c?nh b?o h?c v? cho h?c k?/n?m h?c n?o?,1,Bo sung cau hoi mau #24 cho intent dieu_kien_canh_bao_hoc_vu
Cho m?nh h?i th?m v? dieu_kien_canh_bao_hoc_vu #25,dieu_kien_canh_bao_hoc_vu,hoc_ky|nam_hoc,faq,B?n mu?n tra c?u ?i?u ki?n c?nh b?o h?c v? cho h?c k?/n?m h?c n?o?,1,Bo sung cau hoi mau #25 cho intent dieu_kien_canh_bao_hoc_vu
Điều kiện xét tốt nghiệp,dieu_kien_xet_tot_nghiep,"nganh|he_dao_tao,khoa_hoc",faq,?i?u ki?n x?t t?t nghi?p ph? thu?c ng?nh/h? ??o t?o v? kh?a h?c. B?n cho m?nh ng?nh v? kh?a h?c ?? tra c?u ??ng quy ??nh.,0,
Muốn tốt nghiệp cần gì,dieu_kien_xet_tot_nghiep,"nganh|he_dao_tao,khoa_hoc",faq,?i?u ki?n x?t t?t nghi?p ph? thu?c ng?nh/h? ??o t?o v? kh?a h?c. B?n cho m?nh ng?nh v? kh?a h?c ?? tra c?u ??ng quy ??nh.,0,
Tiêu chí xét tốt nghiệp,dieu_kien_xet_tot_nghiep,"nganh|he_dao_tao,khoa_hoc",faq,?i?u ki?n x?t t?t nghi?p ph? thu?c ng?nh/h? ??o t?o v? kh?a h?c. B?n cho m?nh ng?nh v? kh?a h?c ?? tra c?u ??ng quy ??nh.,0,
Điều kiện ra trường,dieu_kien_xet_tot_nghiep,"nganh|he_dao_tao,khoa_hoc",faq,?i?u ki?n x?t t?t nghi?p ph? thu?c ng?nh/h? ??o t?o v? kh?a h?c. B?n cho m?nh ng?nh v? kh?a h?c ?? tra c?u ??ng quy ??nh.,0,
Xét tốt nghiệp dựa trên gì,dieu_kien_xet_tot_nghiep,"nganh|he_dao_tao,khoa_hoc",faq,?i?u ki?n x?t t?t nghi?p ph? thu?c ng?nh/h? ??o t?o v? kh?a h?c. B?n cho m?nh ng?nh v? kh?a h?c ?? tra c?u ??ng quy ??nh.,0,
?i?u ki?n x?t t?t nghi?p l? g??,dieu_kien_xet_tot_nghiep,"nganh|he_dao_tao,khoa_hoc",faq,?i?u ki?n x?t t?t nghi?p ph? thu?c ng?nh/h? ??o t?o v? kh?a h?c. B?n cho m?nh ng?nh v? kh?a h?c ?? tra c?u ??ng quy ??nh.,1,Bo sung cau hoi mau #1 cho intent dieu_kien_xet_tot_nghiep
Bao nhi?u t?n ch? th? ???c t?t nghi?p?,dieu_kien_xet_tot_nghiep,"nganh|he_dao_tao,khoa_hoc",faq,?i?u ki?n x?t t?t nghi?p ph? thu?c ng?nh/h? ??o t?o v? kh?a h?c. B?n cho m?nh ng?nh v? kh?a h?c ?? tra c?u ??ng quy ??nh.,1,Bo sung cau hoi mau #2 cho intent dieu_kien_xet_tot_nghiep
?i?u ki?n t?t nghi?p ng?nh CNTT,dieu_kien_xet_tot_nghiep,"nganh|he_dao_tao,khoa_hoc",faq,?i?u ki?n x?t t?t nghi?p ph? thu?c ng?nh/h? ??o t?o v? kh?a h?c. B?n cho m?nh ng?nh v? kh?a h?c ?? tra c?u ??ng quy ??nh.,1,Bo sung cau hoi mau #3 cho intent dieu_kien_xet_tot_nghiep
Chu?n ti?ng Anh t?t nghi?p l? bao nhi?u?,dieu_kien_xet_tot_nghiep,"nganh|he_dao_tao,khoa_hoc",faq,?i?u ki?n x?t t?t nghi?p ph? thu?c ng?nh/h? ??o t?o v? kh?a h?c. B?n cho m?nh ng?nh v? kh?a h?c ?? tra c?u ??ng quy ??nh.,1,Bo sung cau hoi mau #4 cho intent dieu_kien_xet_tot_nghiep
C?n ch?ng ch? g? ?? t?t nghi?p?,dieu_kien_xet_tot_nghiep,"nganh|he_dao_tao,khoa_hoc",faq,?i?u ki?n x?t t?t nghi?p ph? thu?c ng?nh/h? ??o t?o v? kh?a h?c. B?n cho m?nh ng?nh v? kh?a h?c ?? tra c?u ??ng quy ??nh.,1,Bo sung cau hoi mau #5 cho intent dieu_kien_xet_tot_nghiep
?i?m trung b?nh t?i thi?u ?? t?t nghi?p,dieu_kien_xet_tot_nghiep,"nganh|he_dao_tao,khoa_hoc",faq,?i?u ki?n x?t t?t nghi?p ph? thu?c ng?nh/h? ??o t?o v? kh?a h?c. B?n cho m?nh ng?nh v? kh?a h?c ?? tra c?u ??ng quy ??nh.,1,Bo sung cau hoi mau #6 cho intent dieu_kien_xet_tot_nghiep
C?n n? m?n c? x?t t?t nghi?p kh?ng?,dieu_kien_xet_tot_nghiep,"nganh|he_dao_tao,khoa_hoc",faq,?i?u ki?n x?t t?t nghi?p ph? thu?c ng?nh/h? ??o t?o v? kh?a h?c. B?n cho m?nh ng?nh v? kh?a h?c ?? tra c?u ??ng quy ??nh.,1,Bo sung cau hoi mau #7 cho intent dieu_kien_xet_tot_nghiep
?i?u ki?n ho?n th?nh kh?a lu?n,dieu_kien_xet_tot_nghiep,"nganh|he_dao_tao,khoa_hoc",faq,?i?u ki?n x?t t?t nghi?p ph? thu?c ng?nh/h? ??o t?o v? kh?a h?c. B?n cho m?nh ng?nh v? kh?a h?c ?? tra c?u ??ng quy ??nh.,1,Bo sung cau hoi mau #8 cho intent dieu_kien_xet_tot_nghiep
Bao gi? x?t t?t nghi?p ??t 1?,dieu_kien_xet_tot_nghiep,"nganh|he_dao_tao,khoa_hoc",faq,?i?u ki?n x?t t?t nghi?p ph? thu?c ng?nh/h? ??o t?o v? kh?a h?c. B?n cho m?nh ng?nh v? kh?a h?c ?? tra c?u ??ng quy ??nh.,1,Bo sung cau hoi mau #9 cho intent dieu_kien_xet_tot_nghiep
Thi?u chu?n ??u ra c? t?t nghi?p ???c kh?ng?,dieu_kien_xet_tot_nghiep,"nganh|he_dao_tao,khoa_hoc",faq,?i?u ki?n x?t t?t nghi?p ph? thu?c ng?nh/h? ??o t?o v? kh?a h?c. B?n cho m?nh ng?nh v? kh?a h?c ?? tra c?u ??ng quy ??nh.,1,Bo sung cau hoi mau #10 cho intent dieu_kien_xet_tot_nghiep
?i?u ki?n t?t nghi?p h? ch?nh quy,dieu_kien_xet_tot_nghiep,"nganh|he_dao_tao,khoa_hoc",faq,?i?u ki?n x?t t?t nghi?p ph? thu?c ng?nh/h? ??o t?o v? kh?a h?c. B?n cho m?nh ng?nh v? kh?a h?c ?? tra c?u ??ng quy ??nh.,1,Bo sung cau hoi mau #11 cho intent dieu_kien_xet_tot_nghiep
H?n n?p h? s? x?t t?t nghi?p,dieu_kien_xet_tot_nghiep,"nganh|he_dao_tao,khoa_hoc",faq,?i?u ki?n x?t t?t nghi?p ph? thu?c ng?nh/h? ??o t?o v? kh?a h?c. B?n cho m?nh ng?nh v? kh?a h?c ?? tra c?u ??ng quy ??nh.,1,Bo sung cau hoi mau #12 cho intent dieu_kien_xet_tot_nghiep
N? h?c ph? c? ???c x?t t?t nghi?p kh?ng?,dieu_kien_xet_tot_nghiep,"nganh|he_dao_tao,khoa_hoc",faq,?i?u ki?n x?t t?t nghi?p ph? thu?c ng?nh/h? ??o t?o v? kh?a h?c. B?n cho m?nh ng?nh v? kh?a h?c ?? tra c?u ??ng quy ??nh.,1,Bo sung cau hoi mau #13 cho intent dieu_kien_xet_tot_nghiep
Y?u c?u GDQP/GDTC khi t?t nghi?p,dieu_kien_xet_tot_nghiep,"nganh|he_dao_tao,khoa_hoc",faq,?i?u ki?n x?t t?t nghi?p ph? thu?c ng?nh/h? ??o t?o v? kh?a h?c. B?n cho m?nh ng?nh v? kh?a h?c ?? tra c?u ??ng quy ??nh.,1,Bo sung cau hoi mau #14 cho intent dieu_kien_xet_tot_nghiep
?i?u ki?n x?t t?t nghi?p s?m,dieu_kien_xet_tot_nghiep,"nganh|he_dao_tao,khoa_hoc",faq,?i?u ki?n x?t t?t nghi?p ph? thu?c ng?nh/h? ??o t?o v? kh?a h?c. B?n cho m?nh ng?nh v? kh?a h?c ?? tra c?u ??ng quy ??nh.,1,Bo sung cau hoi mau #15 cho intent dieu_kien_xet_tot_nghiep
S? t?n ch? t? ch?n t?i thi?u,dieu_kien_xet_tot_nghiep,"nganh|he_dao_tao,khoa_hoc",faq,?i?u ki?n x?t t?t nghi?p ph? thu?c ng?nh/h? ??o t?o v? kh?a h?c. B?n cho m?nh ng?nh v? kh?a h?c ?? tra c?u ??ng quy ??nh.,1,Bo sung cau hoi mau #16 cho intent dieu_kien_xet_tot_nghiep
C?ch ki?m tra ?? ?i?u ki?n t?t nghi?p,dieu_kien_xet_tot_nghiep,"nganh|he_dao_tao,khoa_hoc",faq,?i?u ki?n x?t t?t nghi?p ph? thu?c ng?nh/h? ??o t?o v? kh?a h?c. B?n cho m?nh ng?nh v? kh?a h?c ?? tra c?u ??ng quy ??nh.,1,Bo sung cau hoi mau #17 cho intent dieu_kien_xet_tot_nghiep
X?t t?t nghi?p theo kh?a n?o?,dieu_kien_xet_tot_nghiep,"nganh|he_dao_tao,khoa_hoc",faq,?i?u ki?n x?t t?t nghi?p ph? thu?c ng?nh/h? ??o t?o v? kh?a h?c. B?n cho m?nh ng?nh v? kh?a h?c ?? tra c?u ??ng quy ??nh.,1,Bo sung cau hoi mau #18 cho intent dieu_kien_xet_tot_nghiep
?i?u ki?n t?t nghi?p m?i nh?t,dieu_kien_xet_tot_nghiep,"nganh|he_dao_tao,khoa_hoc",faq,?i?u ki?n x?t t?t nghi?p ph? thu?c ng?nh/h? ??o t?o v? kh?a h?c. B?n cho m?nh ng?nh v? kh?a h?c ?? tra c?u ??ng quy ??nh.,1,Bo sung cau hoi mau #19 cho intent dieu_kien_xet_tot_nghiep
C?c b??c ??ng k? x?t t?t nghi?p,dieu_kien_xet_tot_nghiep,"nganh|he_dao_tao,khoa_hoc",faq,?i?u ki?n x?t t?t nghi?p ph? thu?c ng?nh/h? ??o t?o v? kh?a h?c. B?n cho m?nh ng?nh v? kh?a h?c ?? tra c?u ??ng quy ??nh.,1,Bo sung cau hoi mau #20 cho intent dieu_kien_xet_tot_nghiep
Cho m?nh h?i th?m v? dieu_kien_xet_tot_nghiep #21,dieu_kien_xet_tot_nghiep,"nganh|he_dao_tao,khoa_hoc",faq,?i?u ki?n x?t t?t nghi?p ph? thu?c ng?nh/h? ??o t?o v? kh?a h?c. B?n cho m?nh ng?nh v? kh?a h?c ?? tra c?u ??ng quy ??nh.,1,Bo sung cau hoi mau #21 cho intent dieu_kien_xet_tot_nghiep
Cho m?nh h?i th?m v? dieu_kien_xet_tot_nghiep #22,dieu_kien_xet_tot_nghiep,"nganh|he_dao_tao,khoa_hoc",faq,?i?u ki?n x?t t?t nghi?p ph? thu?c ng?nh/h? ??o t?o v? kh?a h?c. B?n cho m?nh ng?nh v? kh?a h?c ?? tra c?u ??ng quy ??nh.,1,Bo sung cau hoi mau #22 cho intent dieu_kien_xet_tot_nghiep
Cho m?nh h?i th?m v? dieu_kien_xet_tot_nghiep #23,dieu_kien_xet_tot_nghiep,"nganh|he_dao_tao,khoa_hoc",faq,?i?u ki?n x?t t?t nghi?p ph? thu?c ng?nh/h? ??o t?o v? kh?a h?c. B?n cho m?nh ng?nh v? kh?a h?c ?? tra c?u ??ng quy ??nh.,1,Bo sung cau hoi mau #23 cho intent dieu_kien_xet_tot_nghiep
Cho m?nh h?i th?m v? dieu_kien_xet_tot_nghiep #24,dieu_kien_xet_tot_nghiep,"nganh|he_dao_tao,khoa_hoc",faq,?i?u ki?n x?t t?t nghi?p ph? thu?c ng?nh/h? ??o t?o v? kh?a h?c. B?n cho m?nh ng?nh v? kh?a h?c ?? tra c?u ??ng quy ??nh.,1,Bo sung cau hoi mau #24 cho intent dieu_kien_xet_tot_nghiep
Cho m?nh h?i th?m v? dieu_kien_xet_tot_nghiep #25,dieu_kien_xet_tot_nghiep,"nganh|he_dao_tao,khoa_hoc",faq,?i?u ki?n x?t t?t nghi?p ph? thu?c ng?nh/h? ??o t?o v? kh?a h?c. B?n cho m?nh ng?nh v? kh?a h?c ?? tra c?u ??ng quy ??nh.,1,Bo sung cau hoi mau #25 cho intent dieu_kien_xet_tot_nghiep
Học phí ngành CNTT bao nhiêu,hoc_phi_theo_nganh,"nganh,khoa_hoc|nam_hoc",hybrid,B?n vui l?ng cho bi?t ng?nh v? kh?a h?c (ho?c n?m h?c) ?? m?nh tra c?u h?c ph? theo ng?nh.,0,
Học phí theo ngành,hoc_phi_theo_nganh,"nganh,khoa_hoc|nam_hoc",hybrid,B?n vui l?ng cho bi?t ng?nh v? kh?a h?c (ho?c n?m h?c) ?? m?nh tra c?u h?c ph? theo ng?nh.,0,
Học phí ngành của mình,hoc_phi_theo_nganh,"nganh,khoa_hoc|nam_hoc",hybrid,B?n vui l?ng cho bi?t ng?nh v? kh?a h?c (ho?c n?m h?c) ?? m?nh tra c?u h?c ph? theo ng?nh.,0,
Học phí chương trình chất lượng cao,hoc_phi_theo_nganh,"nganh,khoa_hoc|nam_hoc",hybrid,B?n vui l?ng cho bi?t ng?nh v? kh?a h?c (ho?c n?m h?c) ?? m?nh tra c?u h?c ph? theo ng?nh.,0,
Học phí hệ đại trà theo ngành,hoc_phi_theo_nganh,"nganh,khoa_hoc|nam_hoc",hybrid,B?n vui l?ng cho bi?t ng?nh v? kh?a h?c (ho?c n?m h?c) ?? m?nh tra c?u h?c ph? theo ng?nh.,0,
H?c ph? ng?nh CNTT l? bao nhi?u?,hoc_phi_theo_nganh,"nganh,khoa_hoc|nam_hoc",hybrid,B?n vui l?ng cho bi?t ng?nh v? kh?a h?c (ho?c n?m h?c) ?? m?nh tra c?u h?c ph? theo ng?nh.,1,Bo sung cau hoi mau #1 cho intent hoc_phi_theo_nganh
Cho m?nh h?c ph? theo ng?nh,hoc_phi_theo_nganh,"nganh,khoa_hoc|nam_hoc",hybrid,B?n vui l?ng cho bi?t ng?nh v? kh?a h?c (ho?c n?m h?c) ?? m?nh tra c?u h?c ph? theo ng?nh.,1,Bo sung cau hoi mau #2 cho intent hoc_phi_theo_nganh
Ng?nh KTPM h?c ph? th? n?o?,hoc_phi_theo_nganh,"nganh,khoa_hoc|nam_hoc",hybrid,B?n vui l?ng cho bi?t ng?nh v? kh?a h?c (ho?c n?m h?c) ?? m?nh tra c?u h?c ph? theo ng?nh.,1,Bo sung cau hoi mau #3 cho intent hoc_phi_theo_nganh
H?c ph? ng?nh em trong n?m nay,hoc_phi_theo_nganh,"nganh,khoa_hoc|nam_hoc",hybrid,B?n vui l?ng cho bi?t ng?nh v? kh?a h?c (ho?c n?m h?c) ?? m?nh tra c?u h?c ph? theo ng?nh.,1,Bo sung cau hoi mau #4 cho intent hoc_phi_theo_nganh
Tra h?c ph? ng?nh theo kh?a,hoc_phi_theo_nganh,"nganh,khoa_hoc|nam_hoc",hybrid,B?n vui l?ng cho bi?t ng?nh v? kh?a h?c (ho?c n?m h?c) ?? m?nh tra c?u h?c ph? theo ng?nh.,1,Bo sung cau hoi mau #5 cho intent hoc_phi_theo_nganh
Ng?nh AI h?c ph? m?t k? bao nhi?u?,hoc_phi_theo_nganh,"nganh,khoa_hoc|nam_hoc",hybrid,B?n vui l?ng cho bi?t ng?nh v? kh?a h?c (ho?c n?m h?c) ?? m?nh tra c?u h?c ph? theo ng?nh.,1,Bo sung cau hoi mau #6 cho intent hoc_phi_theo_nganh
M?c h?c ph? ng?nh h? ch?nh quy,hoc_phi_theo_nganh,"nganh,khoa_hoc|nam_hoc",hybrid,B?n vui l?ng cho bi?t ng?nh v? kh?a h?c (ho?c n?m h?c) ?? m?nh tra c?u h?c ph? theo ng?nh.,1,Bo sung cau hoi mau #7 cho intent hoc_phi_theo_nganh
H?c ph? ng?nh khoa h?c d? li?u,hoc_phi_theo_nganh,"nganh,khoa_hoc|nam_hoc",hybrid,B?n vui l?ng cho bi?t ng?nh v? kh?a h?c (ho?c n?m h?c) ?? m?nh tra c?u h?c ph? theo ng?nh.,1,Bo sung cau hoi mau #8 cho intent hoc_phi_theo_nganh
Cho em bi?u ph? theo ng?nh,hoc_phi_theo_nganh,"nganh,khoa_hoc|nam_hoc",hybrid,B?n vui l?ng cho bi?t ng?nh v? kh?a h?c (ho?c n?m h?c) ?? m?nh tra c?u h?c ph? theo ng?nh.,1,Bo sung cau hoi mau #9 cho intent hoc_phi_theo_nganh
H?c ph? ng?nh m?ng m?y t?nh,hoc_phi_theo_nganh,"nganh,khoa_hoc|nam_hoc",hybrid,B?n vui l?ng cho bi?t ng?nh v? kh?a h?c (ho?c n?m h?c) ?? m?nh tra c?u h?c ph? theo ng?nh.,1,Bo sung cau hoi mau #10 cho intent hoc_phi_theo_nganh
Ng?nh an to?n th?ng tin h?c ph? ra sao?,hoc_phi_theo_nganh,"nganh,khoa_hoc|nam_hoc",hybrid,B?n vui l?ng cho bi?t ng?nh v? kh?a h?c (ho?c n?m h?c) ?? m?nh tra c?u h?c ph? theo ng?nh.,1,Bo sung cau hoi mau #11 cho intent hoc_phi_theo_nganh
Ng?nh n?y c? t?ng h?c ph? kh?ng?,hoc_phi_theo_nganh,"nganh,khoa_hoc|nam_hoc",hybrid,B?n vui l?ng cho bi?t ng?nh v? kh?a h?c (ho?c n?m h?c) ?? m?nh tra c?u h?c ph? theo ng?nh.,1,Bo sung cau hoi mau #12 cho intent hoc_phi_theo_nganh
Tra h?c ph? ng?nh theo n?m h?c,hoc_phi_theo_nganh,"nganh,khoa_hoc|nam_hoc",hybrid,B?n vui l?ng cho bi?t ng?nh v? kh?a h?c (ho?c n?m h?c) ?? m?nh tra c?u h?c ph? theo ng?nh.,1,Bo sung cau hoi mau #13 cho intent hoc_phi_theo_nganh
H?c ph? t?ng ng?nh kh?c nhau th? n?o?,hoc_phi_theo_nganh,"nganh,khoa_hoc|nam_hoc",hybrid,B?n vui l?ng cho bi?t ng?nh v? kh?a h?c (ho?c n?m h?c) ?? m?nh tra c?u h?c ph? theo ng?nh.,1,Bo sung cau hoi mau #14 cho intent hoc_phi_theo_nganh
Ng?nh em ??ng bao nhi?u ti?n?,hoc_phi_theo_nganh,"nganh,khoa_hoc|nam_hoc",hybrid,B?n vui l?ng cho bi?t ng?nh v? kh?a h?c (ho?c n?m h?c) ?? m?nh tra c?u h?c ph? theo ng?nh.,1,Bo sung cau hoi mau #15 cho intent hoc_phi_theo_nganh
Cho bi?t h?c ph? ng?nh theo t?n ch?,hoc_phi_theo_nganh,"nganh,khoa_hoc|nam_hoc",hybrid,B?n vui l?ng cho bi?t ng?nh v? kh?a h?c (ho?c n?m h?c) ?? m?nh tra c?u h?c ph? theo ng?nh.,1,Bo sung cau hoi mau #16 cho intent hoc_phi_theo_nganh
H?c ph? ng?nh hi?n t?i,hoc_phi_theo_nganh,"nganh,khoa_hoc|nam_hoc",hybrid,B?n vui l?ng cho bi?t ng?nh v? kh?a h?c (ho?c n?m h?c) ?? m?nh tra c?u h?c ph? theo ng?nh.,1,Bo sung cau hoi mau #17 cho intent hoc_phi_theo_nganh
Bi?u h?c ph? ng?nh m?i nh?t,hoc_phi_theo_nganh,"nganh,khoa_hoc|nam_hoc",hybrid,B?n vui l?ng cho bi?t ng?nh v? kh?a h?c (ho?c n?m h?c) ?? m?nh tra c?u h?c ph? theo ng?nh.,1,Bo sung cau hoi mau #18 cho intent hoc_phi_theo_nganh
H?c ph? ng?nh kh?a 2023,hoc_phi_theo_nganh,"nganh,khoa_hoc|nam_hoc",hybrid,B?n vui l?ng cho bi?t ng?nh v? kh?a h?c (ho?c n?m h?c) ?? m?nh tra c?u h?c ph? theo ng?nh.,1,Bo sung cau hoi mau #19 cho intent hoc_phi_theo_nganh
Tra c?u h?c ph? theo t?n ng?nh,hoc_phi_theo_nganh,"nganh,khoa_hoc|nam_hoc",hybrid,B?n vui l?ng cho bi?t ng?nh v? kh?a h?c (ho?c n?m h?c) ?? m?nh tra c?u h?c ph? theo ng?nh.,1,Bo sung cau hoi mau #20 cho intent hoc_phi_theo_nganh
Cho m?nh h?i th?m v? hoc_phi_theo_nganh #21,hoc_phi_theo_nganh,"nganh,khoa_hoc|nam_hoc",hybrid,B?n vui l?ng cho bi?t ng?nh v? kh?a h?c (ho?c n?m h?c) ?? m?nh tra c?u h?c ph? theo ng?nh.,1,Bo sung cau hoi mau #21 cho intent hoc_phi_theo_nganh
Cho m?nh h?i th?m v? hoc_phi_theo_nganh #22,hoc_phi_theo_nganh,"nganh,khoa_hoc|nam_hoc",hybrid,B?n vui l?ng cho bi?t ng?nh v? kh?a h?c (ho?c n?m h?c) ?? m?nh tra c?u h?c ph? theo ng?nh.,1,Bo sung cau hoi mau #22 cho intent hoc_phi_theo_nganh
Cho m?nh h?i th?m v? hoc_phi_theo_nganh #23,hoc_phi_theo_nganh,"nganh,khoa_hoc|nam_hoc",hybrid,B?n vui l?ng cho bi?t ng?nh v? kh?a h?c (ho?c n?m h?c) ?? m?nh tra c?u h?c ph? theo ng?nh.,1,Bo sung cau hoi mau #23 cho intent hoc_phi_theo_nganh
Cho m?nh h?i th?m v? hoc_phi_theo_nganh #24,hoc_phi_theo_nganh,"nganh,khoa_hoc|nam_hoc",hybrid,B?n vui l?ng cho bi?t ng?nh v? kh?a h?c (ho?c n?m h?c) ?? m?nh tra c?u h?c ph? theo ng?nh.,1,Bo sung cau hoi mau #24 cho intent hoc_phi_theo_nganh
Cho m?nh h?i th?m v? hoc_phi_theo_nganh #25,hoc_phi_theo_nganh,"nganh,khoa_hoc|nam_hoc",hybrid,B?n vui l?ng cho bi?t ng?nh v? kh?a h?c (ho?c n?m h?c) ?? m?nh tra c?u h?c ph? theo ng?nh.,1,Bo sung cau hoi mau #25 cho intent hoc_phi_theo_nganh
Một tín chỉ bao nhiêu tiền,hoc_phi_theo_tin_chi,so_tin_chi|nganh,hybrid,B?n vui l?ng cho bi?t s? t?n ch? d? ki?n (ho?c ng?nh) ?? m?nh ??c t?nh h?c ph? theo t?n ch?.,0,
Học phí theo tín chỉ tính sao,hoc_phi_theo_tin_chi,so_tin_chi|nganh,hybrid,B?n vui l?ng cho bi?t s? t?n ch? d? ki?n (ho?c ng?nh) ?? m?nh ??c t?nh h?c ph? theo t?n ch?.,0,
Học phí 18 tín chỉ,hoc_phi_theo_tin_chi,so_tin_chi|nganh,hybrid,B?n vui l?ng cho bi?t s? t?n ch? d? ki?n (ho?c ng?nh) ?? m?nh ??c t?nh h?c ph? theo t?n ch?.,0,
Giá tín chỉ của trường,hoc_phi_theo_tin_chi,so_tin_chi|nganh,hybrid,B?n vui l?ng cho bi?t s? t?n ch? d? ki?n (ho?c ng?nh) ?? m?nh ??c t?nh h?c ph? theo t?n ch?.,0,
Học phí tính theo số tín chỉ,hoc_phi_theo_tin_chi,so_tin_chi|nganh,hybrid,B?n vui l?ng cho bi?t s? t?n ch? d? ki?n (ho?c ng?nh) ?? m?nh ??c t?nh h?c ph? theo t?n ch?.,0,
1 t?n ch? bao nhi?u ti?n?,hoc_phi_theo_tin_chi,so_tin_chi|nganh,hybrid,B?n vui l?ng cho bi?t s? t?n ch? d? ki?n (ho?c ng?nh) ?? m?nh ??c t?nh h?c ph? theo t?n ch?.,1,Bo sung cau hoi mau #1 cho intent hoc_phi_theo_tin_chi
H?c ph? t?nh theo t?n ch? th? n?o?,hoc_phi_theo_tin_chi,so_tin_chi|nganh,hybrid,B?n vui l?ng cho bi?t s? t?n ch? d? ki?n (ho?c ng?nh) ?? m?nh ??c t?nh h?c ph? theo t?n ch?.,1,Bo sung cau hoi mau #2 cho intent hoc_phi_theo_tin_chi
M?nh h?c 15 t?n ch? ??ng bao nhi?u?,hoc_phi_theo_tin_chi,so_tin_chi|nganh,hybrid,B?n vui l?ng cho bi?t s? t?n ch? d? ki?n (ho?c ng?nh) ?? m?nh ??c t?nh h?c ph? theo t?n ch?.,1,Bo sung cau hoi mau #3 cho intent hoc_phi_theo_tin_chi
18 t?n ch? th? h?c ph? bao nhi?u?,hoc_phi_theo_tin_chi,so_tin_chi|nganh,hybrid,B?n vui l?ng cho bi?t s? t?n ch? d? ki?n (ho?c ng?nh) ?? m?nh ??c t?nh h?c ph? theo t?n ch?.,1,Bo sung cau hoi mau #4 cho intent hoc_phi_theo_tin_chi
C?ch t?nh h?c ph? theo s? t?n ch?,hoc_phi_theo_tin_chi,so_tin_chi|nganh,hybrid,B?n vui l?ng cho bi?t s? t?n ch? d? ki?n (ho?c ng?nh) ?? m?nh ??c t?nh h?c ph? theo t?n ch?.,1,Bo sung cau hoi mau #5 cho intent hoc_phi_theo_tin_chi
Gi? m?i t?n ch? c?a ng?nh em,hoc_phi_theo_tin_chi,so_tin_chi|nganh,hybrid,B?n vui l?ng cho bi?t s? t?n ch? d? ki?n (ho?c ng?nh) ?? m?nh ??c t?nh h?c ph? theo t?n ch?.,1,Bo sung cau hoi mau #6 cho intent hoc_phi_theo_tin_chi
T?nh h?c ph? cho 12 t?n ch?,hoc_phi_theo_tin_chi,so_tin_chi|nganh,hybrid,B?n vui l?ng cho bi?t s? t?n ch? d? ki?n (ho?c ng?nh) ?? m?nh ??c t?nh h?c ph? theo t?n ch?.,1,Bo sung cau hoi mau #7 cho intent hoc_phi_theo_tin_chi
H?c l?i 3 t?n ch? ??ng bao nhi?u?,hoc_phi_theo_tin_chi,so_tin_chi|nganh,hybrid,B?n vui l?ng cho bi?t s? t?n ch? d? ki?n (ho?c ng?nh) ?? m?nh ??c t?nh h?c ph? theo t?n ch?.,1,Bo sung cau hoi mau #8 cho intent hoc_phi_theo_tin_chi
M?c ph? t?n ch? hi?n t?i,hoc_phi_theo_tin_chi,so_tin_chi|nganh,hybrid,B?n vui l?ng cho bi?t s? t?n ch? d? ki?n (ho?c ng?nh) ?? m?nh ??c t?nh h?c ph? theo t?n ch?.,1,Bo sung cau hoi mau #9 cho intent hoc_phi_theo_tin_chi
T?n ch? th?c h?nh c? kh?c kh?ng?,hoc_phi_theo_tin_chi,so_tin_chi|nganh,hybrid,B?n vui l?ng cho bi?t s? t?n ch? d? ki?n (ho?c ng?nh) ?? m?nh ??c t?nh h?c ph? theo t?n ch?.,1,Bo sung cau hoi mau #10 cho intent hoc_phi_theo_tin_chi
T?n ch? l? thuy?t bao nhi?u ti?n?,hoc_phi_theo_tin_chi,so_tin_chi|nganh,hybrid,B?n vui l?ng cho bi?t s? t?n ch? d? ki?n (ho?c ng?nh) ?? m?nh ??c t?nh h?c ph? theo t?n ch?.,1,Bo sung cau hoi mau #11 cho intent hoc_phi_theo_tin_chi
??c t?nh h?c ph? theo t?n ch?,hoc_phi_theo_tin_chi,so_tin_chi|nganh,hybrid,B?n vui l?ng cho bi?t s? t?n ch? d? ki?n (ho?c ng?nh) ?? m?nh ??c t?nh h?c ph? theo t?n ch?.,1,Bo sung cau hoi mau #12 cho intent hoc_phi_theo_tin_chi
H?c ph? 20 t?n ch? l? bao nhi?u?,hoc_phi_theo_tin_chi,so_tin_chi|nganh,hybrid,B?n vui l?ng cho bi?t s? t?n ch? d? ki?n (ho?c ng?nh) ?? m?nh ??c t?nh h?c ph? theo t?n ch?.,1,Bo sung cau hoi mau #13 cho intent hoc_phi_theo_tin_chi
Cho em b?ng gi? t?n ch?,hoc_phi_theo_tin_chi,so_tin_chi|nganh,hybrid,B?n vui l?ng cho bi?t s? t?n ch? d? ki?n (ho?c ng?nh) ?? m?nh ??c t?nh h?c ph? theo t?n ch?.,1,Bo sung cau hoi mau #14 cho intent hoc_phi_theo_tin_chi
M?i m?n 3 t?n ch? th? ??ng bao nhi?u?,hoc_phi_theo_tin_chi,so_tin_chi|nganh,hybrid,B?n vui l?ng cho bi?t s? t?n ch? d? ki?n (ho?c ng?nh) ?? m?nh ??c t?nh h?c ph? theo t?n ch?.,1,Bo sung cau hoi mau #15 cho intent hoc_phi_theo_tin_chi
H?c ph? theo s? t?n ch? ??ng k?,hoc_phi_theo_tin_chi,so_tin_chi|nganh,hybrid,B?n vui l?ng cho bi?t s? t?n ch? d? ki?n (ho?c ng?nh) ?? m?nh ??c t?nh h?c ph? theo t?n ch?.,1,Bo sung cau hoi mau #16 cho intent hoc_phi_theo_tin_chi
T?n ch? ng?nh CNTT bao nhi?u ti?n?,hoc_phi_theo_tin_chi,so_tin_chi|nganh,hybrid,B?n vui l?ng cho bi?t s? t?n ch? d? ki?n (ho?c ng?nh) ?? m?nh ??c t?nh h?c ph? theo t?n ch?.,1,Bo sung cau hoi mau #17 cho intent hoc_phi_theo_tin_chi
Ph? t?n ch? h?c k? n?y,hoc_phi_theo_tin_chi,so_tin_chi|nganh,hybrid,B?n vui l?ng cho bi?t s? t?n ch? d? ki?n (ho?c ng?nh) ?? m?nh ??c t?nh h?c ph? theo t?n ch?.,1,Bo sung cau hoi mau #18 cho intent hoc_phi_theo_tin_chi
C?ch nh?n s? t?n ch? ra h?c ph?,hoc_phi_theo_tin_chi,so_tin_chi|nganh,hybrid,B?n vui l?ng cho bi?t s? t?n ch? d? ki?n (ho?c ng?nh) ?? m?nh ??c t?nh h?c ph? theo t?n ch?.,1,Bo sung cau hoi mau #19 cho intent hoc_phi_theo_tin_chi
T?n ch? c?i thi?n ?i?m t?nh ph? sao?,hoc_phi_theo_tin_chi,so_tin_chi|nganh,hybrid,B?n vui l?ng cho bi?t s? t?n ch? d? ki?n (ho?c ng?nh) ?? m?nh ??c t?nh h?c ph? theo t?n ch?.,1,Bo sung cau hoi mau #20 cho intent hoc_phi_theo_tin_chi
Cho m?nh h?i th?m v? hoc_phi_theo_tin_chi #21,hoc_phi_theo_tin_chi,so_tin_chi|nganh,hybrid,B?n vui l?ng cho bi?t s? t?n ch? d? ki?n (ho?c ng?nh) ?? m?nh ??c t?nh h?c ph? theo t?n ch?.,1,Bo sung cau hoi mau #21 cho intent hoc_phi_theo_tin_chi
Cho m?nh h?i th?m v? hoc_phi_theo_tin_chi #22,hoc_phi_theo_tin_chi,so_tin_chi|nganh,hybrid,B?n vui l?ng cho bi?t s? t?n ch? d? ki?n (ho?c ng?nh) ?? m?nh ??c t?nh h?c ph? theo t?n ch?.,1,Bo sung cau hoi mau #22 cho intent hoc_phi_theo_tin_chi
Cho m?nh h?i th?m v? hoc_phi_theo_tin_chi #23,hoc_phi_theo_tin_chi,so_tin_chi|nganh,hybrid,B?n vui l?ng cho bi?t s? t?n ch? d? ki?n (ho?c ng?nh) ?? m?nh ??c t?nh h?c ph? theo t?n ch?.,1,Bo sung cau hoi mau #23 cho intent hoc_phi_theo_tin_chi
Cho m?nh h?i th?m v? hoc_phi_theo_tin_chi #24,hoc_phi_theo_tin_chi,so_tin_chi|nganh,hybrid,B?n vui l?ng cho bi?t s? t?n ch? d? ki?n (ho?c ng?nh) ?? m?nh ??c t?nh h?c ph? theo t?n ch?.,1,Bo sung cau hoi mau #24 cho intent hoc_phi_theo_tin_chi
Cho m?nh h?i th?m v? hoc_phi_theo_tin_chi #25,hoc_phi_theo_tin_chi,so_tin_chi|nganh,hybrid,B?n vui l?ng cho bi?t s? t?n ch? d? ki?n (ho?c ng?nh) ?? m?nh ??c t?nh h?c ph? theo t?n ch?.,1,Bo sung cau hoi mau #25 cho intent hoc_phi_theo_tin_chi
Cho hỏi lịch học,lich_hoc,"mssv|lop,hoc_ky,nam_hoc",db_query,"B?n vui l?ng cung c?p MSSV (ho?c l?p), h?c k? v? n?m h?c ?? m?nh tra c?u l?ch h?c ch?nh x?c.",0,
Lịch học của mình,lich_hoc,"mssv|lop,hoc_ky,nam_hoc",db_query,"B?n vui l?ng cung c?p MSSV (ho?c l?p), h?c k? v? n?m h?c ?? m?nh tra c?u l?ch h?c ch?nh x?c.",0,
Lịch học hôm nay,lich_hoc,"mssv|lop,hoc_ky,nam_hoc",db_query,"B?n vui l?ng cung c?p MSSV (ho?c l?p), h?c k? v? n?m h?c ?? m?nh tra c?u l?ch h?c ch?nh x?c.",0,
Lịch học tuần này,lich_hoc,"mssv|lop,hoc_ky,nam_hoc",db_query,"B?n vui l?ng cung c?p MSSV (ho?c l?p), h?c k? v? n?m h?c ?? m?nh tra c?u l?ch h?c ch?nh x?c.",0,
Lịch học môn X,lich_hoc,"mssv|lop,hoc_ky,nam_hoc",db_query,"B?n vui l?ng cung c?p MSSV (ho?c l?p), h?c k? v? n?m h?c ?? m?nh tra c?u l?ch h?c ch?nh x?c.",0,
Thời khóa biểu của mình,lich_hoc,"mssv|lop,hoc_ky,nam_hoc",db_query,"B?n vui l?ng cung c?p MSSV (ho?c l?p), h?c k? v? n?m h?c ?? m?nh tra c?u l?ch h?c ch?nh x?c.",0,
Cho xem thời khóa biểu,lich_hoc,"mssv|lop,hoc_ky,nam_hoc",db_query,"B?n vui l?ng cung c?p MSSV (ho?c l?p), h?c k? v? n?m h?c ?? m?nh tra c?u l?ch h?c ch?nh x?c.",0,
TKB học kỳ này,lich_hoc,"mssv|lop,hoc_ky,nam_hoc",db_query,"B?n vui l?ng cung c?p MSSV (ho?c l?p), h?c k? v? n?m h?c ?? m?nh tra c?u l?ch h?c ch?nh x?c.",0,
Thời khóa biểu theo tuần,lich_hoc,"mssv|lop,hoc_ky,nam_hoc",db_query,"B?n vui l?ng cung c?p MSSV (ho?c l?p), h?c k? v? n?m h?c ?? m?nh tra c?u l?ch h?c ch?nh x?c.",0,
Xem TKB ở đâu,lich_hoc,"mssv|lop,hoc_ky,nam_hoc",db_query,"B?n vui l?ng cung c?p MSSV (ho?c l?p), h?c k? v? n?m h?c ?? m?nh tra c?u l?ch h?c ch?nh x?c.",0,
Tra c?u l?ch h?c gi?p m?nh,lich_hoc,"mssv|lop,hoc_ky,nam_hoc",db_query,"B?n vui l?ng cung c?p MSSV (ho?c l?p), h?c k? v? n?m h?c ?? m?nh tra c?u l?ch h?c ch?nh x?c.",1,Bo sung cau hoi mau #1 cho intent lich_hoc
M?nh mu?n xem l?ch h?c h?c k? n?y,lich_hoc,"mssv|lop,hoc_ky,nam_hoc",db_query,"B?n vui l?ng cung c?p MSSV (ho?c l?p), h?c k? v? n?m h?c ?? m?nh tra c?u l?ch h?c ch?nh x?c.",1,Bo sung cau hoi mau #2 cho intent lich_hoc
L?ch h?c k? t?i c?a m?nh l? g??,lich_hoc,"mssv|lop,hoc_ky,nam_hoc",db_query,"B?n vui l?ng cung c?p MSSV (ho?c l?p), h?c k? v? n?m h?c ?? m?nh tra c?u l?ch h?c ch?nh x?c.",1,Bo sung cau hoi mau #3 cho intent lich_hoc
Xem gi?p em l?ch h?c theo MSSV,lich_hoc,"mssv|lop,hoc_ky,nam_hoc",db_query,"B?n vui l?ng cung c?p MSSV (ho?c l?p), h?c k? v? n?m h?c ?? m?nh tra c?u l?ch h?c ch?nh x?c.",1,Bo sung cau hoi mau #4 cho intent lich_hoc
Cho m?nh l?ch h?c theo l?p,lich_hoc,"mssv|lop,hoc_ky,nam_hoc",db_query,"B?n vui l?ng cung c?p MSSV (ho?c l?p), h?c k? v? n?m h?c ?? m?nh tra c?u l?ch h?c ch?nh x?c.",1,Bo sung cau hoi mau #5 cho intent lich_hoc
Tu?n sau m?nh h?c nh?ng m?n n?o?,lich_hoc,"mssv|lop,hoc_ky,nam_hoc",db_query,"B?n vui l?ng cung c?p MSSV (ho?c l?p), h?c k? v? n?m h?c ?? m?nh tra c?u l?ch h?c ch?nh x?c.",1,Bo sung cau hoi mau #6 cho intent lich_hoc
H?m nay c? l?ch h?c g? kh?ng?,lich_hoc,"mssv|lop,hoc_ky,nam_hoc",db_query,"B?n vui l?ng cung c?p MSSV (ho?c l?p), h?c k? v? n?m h?c ?? m?nh tra c?u l?ch h?c ch?nh x?c.",1,Bo sung cau hoi mau #7 cho intent lich_hoc
Ng?y mai m?nh h?c ? ??u?,lich_hoc,"mssv|lop,hoc_ky,nam_hoc",db_query,"B?n vui l?ng cung c?p MSSV (ho?c l?p), h?c k? v? n?m h?c ?? m?nh tra c?u l?ch h?c ch?nh x?c.",1,Bo sung cau hoi mau #8 cho intent lich_hoc
L?ch h?c m?n C? s? d? li?u,lich_hoc,"mssv|lop,hoc_ky,nam_hoc",db_query,"B?n vui l?ng cung c?p MSSV (ho?c l?p), h?c k? v? n?m h?c ?? m?nh tra c?u l?ch h?c ch?nh x?c.",1,Bo sung cau hoi mau #9 cho intent lich_hoc
Tra l?ch h?c m?n To?n r?i r?c,lich_hoc,"mssv|lop,hoc_ky,nam_hoc",db_query,"B?n vui l?ng cung c?p MSSV (ho?c l?p), h?c k? v? n?m h?c ?? m?nh tra c?u l?ch h?c ch?nh x?c.",1,Bo sung cau hoi mau #10 cho intent lich_hoc
L?ch h?c theo tu?n c?a l?p em,lich_hoc,"mssv|lop,hoc_ky,nam_hoc",db_query,"B?n vui l?ng cung c?p MSSV (ho?c l?p), h?c k? v? n?m h?c ?? m?nh tra c?u l?ch h?c ch?nh x?c.",1,Bo sung cau hoi mau #11 cho intent lich_hoc
L?ch h?c c?a ng?nh CNTT k? 1,lich_hoc,"mssv|lop,hoc_ky,nam_hoc",db_query,"B?n vui l?ng cung c?p MSSV (ho?c l?p), h?c k? v? n?m h?c ?? m?nh tra c?u l?ch h?c ch?nh x?c.",1,Bo sung cau hoi mau #12 cho intent lich_hoc
Cho em xem l?ch h?c theo n?m h?c 2025-2026,lich_hoc,"mssv|lop,hoc_ky,nam_hoc",db_query,"B?n vui l?ng cung c?p MSSV (ho?c l?p), h?c k? v? n?m h?c ?? m?nh tra c?u l?ch h?c ch?nh x?c.",1,Bo sung cau hoi mau #13 cho intent lich_hoc
L?ch h?c chi ti?t c?a em,lich_hoc,"mssv|lop,hoc_ky,nam_hoc",db_query,"B?n vui l?ng cung c?p MSSV (ho?c l?p), h?c k? v? n?m h?c ?? m?nh tra c?u l?ch h?c ch?nh x?c.",1,Bo sung cau hoi mau #14 cho intent lich_hoc
M?nh c?n l?ch h?c theo ph?ng,lich_hoc,"mssv|lop,hoc_ky,nam_hoc",db_query,"B?n vui l?ng cung c?p MSSV (ho?c l?p), h?c k? v? n?m h?c ?? m?nh tra c?u l?ch h?c ch?nh x?c.",1,Bo sung cau hoi mau #15 cho intent lich_hoc
L?ch h?c c?a m?nh b? tr?ng kh?ng?,lich_hoc,"mssv|lop,hoc_ky,nam_hoc",db_query,"B?n vui l?ng cung c?p MSSV (ho?c l?p), h?c k? v? n?m h?c ?? m?nh tra c?u l?ch h?c ch?nh x?c.",1,Bo sung cau hoi mau #16 cho intent lich_hoc
M?nh h?c ca m?y trong tu?n n?y?,lich_hoc,"mssv|lop,hoc_ky,nam_hoc",db_query,"B?n vui l?ng cung c?p MSSV (ho?c l?p), h?c k? v? n?m h?c ?? m?nh tra c?u l?ch h?c ch?nh x?c.",1,Bo sung cau hoi mau #17 cho intent lich_hoc
Danh s?ch bu?i h?c tu?n n?y,lich_hoc,"mssv|lop,hoc_ky,nam_hoc",db_query,"B?n vui l?ng cung c?p MSSV (ho?c l?p), h?c k? v? n?m h?c ?? m?nh tra c?u l?ch h?c ch?nh x?c.",1,Bo sung cau hoi mau #18 cho intent lich_hoc
Cho bi?t khung gi? h?c c?a m?nh,lich_hoc,"mssv|lop,hoc_ky,nam_hoc",db_query,"B?n vui l?ng cung c?p MSSV (ho?c l?p), h?c k? v? n?m h?c ?? m?nh tra c?u l?ch h?c ch?nh x?c.",1,Bo sung cau hoi mau #19 cho intent lich_hoc
Tra l?ch h?c theo m? m?n,lich_hoc,"mssv|lop,hoc_ky,nam_hoc",db_query,"B?n vui l?ng cung c?p MSSV (ho?c l?p), h?c k? v? n?m h?c ?? m?nh tra c?u l?ch h?c ch?nh x?c.",1,Bo sung cau hoi mau #20 cho intent lich_hoc
Cho hỏi lịch thi,lich_thi,"mssv|lop,hoc_ky,nam_hoc",db_query,"B?n vui l?ng cung c?p MSSV (ho?c l?p), h?c k? v? n?m h?c ?? m?nh tra c?u l?ch thi ch?nh x?c.",0,
Lịch thi của mình,lich_thi,"mssv|lop,hoc_ky,nam_hoc",db_query,"B?n vui l?ng cung c?p MSSV (ho?c l?p), h?c k? v? n?m h?c ?? m?nh tra c?u l?ch thi ch?nh x?c.",0,
Lịch thi cuối kỳ,lich_thi,"mssv|lop,hoc_ky,nam_hoc",db_query,"B?n vui l?ng cung c?p MSSV (ho?c l?p), h?c k? v? n?m h?c ?? m?nh tra c?u l?ch thi ch?nh x?c.",0,
Thi môn X khi nào,lich_thi,"mssv|lop,hoc_ky,nam_hoc",db_query,"B?n vui l?ng cung c?p MSSV (ho?c l?p), h?c k? v? n?m h?c ?? m?nh tra c?u l?ch thi ch?nh x?c.",0,
Thi ở phòng nào,lich_thi,"mssv|lop,hoc_ky,nam_hoc",db_query,"B?n vui l?ng cung c?p MSSV (ho?c l?p), h?c k? v? n?m h?c ?? m?nh tra c?u l?ch thi ch?nh x?c.",0,
Tra c?u l?ch thi gi?p m?nh,lich_thi,"mssv|lop,hoc_ky,nam_hoc",db_query,"B?n vui l?ng cung c?p MSSV (ho?c l?p), h?c k? v? n?m h?c ?? m?nh tra c?u l?ch thi ch?nh x?c.",1,Bo sung cau hoi mau #1 cho intent lich_thi
M?nh mu?n xem l?ch thi h?c k? n?y,lich_thi,"mssv|lop,hoc_ky,nam_hoc",db_query,"B?n vui l?ng cung c?p MSSV (ho?c l?p), h?c k? v? n?m h?c ?? m?nh tra c?u l?ch thi ch?nh x?c.",1,Bo sung cau hoi mau #2 cho intent lich_thi
L?ch thi cu?i k? c?a em,lich_thi,"mssv|lop,hoc_ky,nam_hoc",db_query,"B?n vui l?ng cung c?p MSSV (ho?c l?p), h?c k? v? n?m h?c ?? m?nh tra c?u l?ch thi ch?nh x?c.",1,Bo sung cau hoi mau #3 cho intent lich_thi
Thi m?n C? s? d? li?u khi n?o?,lich_thi,"mssv|lop,hoc_ky,nam_hoc",db_query,"B?n vui l?ng cung c?p MSSV (ho?c l?p), h?c k? v? n?m h?c ?? m?nh tra c?u l?ch thi ch?nh x?c.",1,Bo sung cau hoi mau #4 cho intent lich_thi
M?n To?n cao c?p thi ng?y n?o?,lich_thi,"mssv|lop,hoc_ky,nam_hoc",db_query,"B?n vui l?ng cung c?p MSSV (ho?c l?p), h?c k? v? n?m h?c ?? m?nh tra c?u l?ch thi ch?nh x?c.",1,Bo sung cau hoi mau #5 cho intent lich_thi
Xem l?ch thi theo MSSV,lich_thi,"mssv|lop,hoc_ky,nam_hoc",db_query,"B?n vui l?ng cung c?p MSSV (ho?c l?p), h?c k? v? n?m h?c ?? m?nh tra c?u l?ch thi ch?nh x?c.",1,Bo sung cau hoi mau #6 cho intent lich_thi
L?ch thi theo l?p c?a em,lich_thi,"mssv|lop,hoc_ky,nam_hoc",db_query,"B?n vui l?ng cung c?p MSSV (ho?c l?p), h?c k? v? n?m h?c ?? m?nh tra c?u l?ch thi ch?nh x?c.",1,Bo sung cau hoi mau #7 cho intent lich_thi
Tu?n n?y c? m?n n?o thi kh?ng?,lich_thi,"mssv|lop,hoc_ky,nam_hoc",db_query,"B?n vui l?ng cung c?p MSSV (ho?c l?p), h?c k? v? n?m h?c ?? m?nh tra c?u l?ch thi ch?nh x?c.",1,Bo sung cau hoi mau #8 cho intent lich_thi
Ng?y mai em c? thi kh?ng?,lich_thi,"mssv|lop,hoc_ky,nam_hoc",db_query,"B?n vui l?ng cung c?p MSSV (ho?c l?p), h?c k? v? n?m h?c ?? m?nh tra c?u l?ch thi ch?nh x?c.",1,Bo sung cau hoi mau #9 cho intent lich_thi
Cho m?nh l?ch thi h?c k? 2,lich_thi,"mssv|lop,hoc_ky,nam_hoc",db_query,"B?n vui l?ng cung c?p MSSV (ho?c l?p), h?c k? v? n?m h?c ?? m?nh tra c?u l?ch thi ch?nh x?c.",1,Bo sung cau hoi mau #10 cho intent lich_thi
Tra l?ch thi n?m h?c 2025-2026,lich_thi,"mssv|lop,hoc_ky,nam_hoc",db_query,"B?n vui l?ng cung c?p MSSV (ho?c l?p), h?c k? v? n?m h?c ?? m?nh tra c?u l?ch thi ch?nh x?c.",1,Bo sung cau hoi mau #11 cho intent lich_thi
L?ch thi gi?a k? c?a l?p em,lich_thi,"mssv|lop,hoc_ky,nam_hoc",db_query,"B?n vui l?ng cung c?p MSSV (ho?c l?p), h?c k? v? n?m h?c ?? m?nh tra c?u l?ch thi ch?nh x?c.",1,Bo sung cau hoi mau #12 cho intent lich_thi
M?nh thi ph?ng n?o?,lich_thi,"mssv|lop,hoc_ky,nam_hoc",db_query,"B?n vui l?ng cung c?p MSSV (ho?c l?p), h?c k? v? n?m h?c ?? m?nh tra c?u l?ch thi ch?nh x?c.",1,Bo sung cau hoi mau #13 cho intent lich_thi
M?n n?y thi ca m?y?,lich_thi,"mssv|lop,hoc_ky,nam_hoc",db_query,"B?n vui l?ng cung c?p MSSV (ho?c l?p), h?c k? v? n?m h?c ?? m?nh tra c?u l?ch thi ch?nh x?c.",1,Bo sung cau hoi mau #14 cho intent lich_thi
Cho em danh s?ch m?n thi s?p t?i,lich_thi,"mssv|lop,hoc_ky,nam_hoc",db_query,"B?n vui l?ng cung c?p MSSV (ho?c l?p), h?c k? v? n?m h?c ?? m?nh tra c?u l?ch thi ch?nh x?c.",1,Bo sung cau hoi mau #15 cho intent lich_thi
L?ch thi c? thay ??i kh?ng?,lich_thi,"mssv|lop,hoc_ky,nam_hoc",db_query,"B?n vui l?ng cung c?p MSSV (ho?c l?p), h?c k? v? n?m h?c ?? m?nh tra c?u l?ch thi ch?nh x?c.",1,Bo sung cau hoi mau #16 cho intent lich_thi
Tra l?ch thi theo m? m?n,lich_thi,"mssv|lop,hoc_ky,nam_hoc",db_query,"B?n vui l?ng cung c?p MSSV (ho?c l?p), h?c k? v? n?m h?c ?? m?nh tra c?u l?ch thi ch?nh x?c.",1,Bo sung cau hoi mau #17 cho intent lich_thi
Khi n?o thi l?i m?n n?y?,lich_thi,"mssv|lop,hoc_ky,nam_hoc",db_query,"B?n vui l?ng cung c?p MSSV (ho?c l?p), h?c k? v? n?m h?c ?? m?nh tra c?u l?ch thi ch?nh x?c.",1,Bo sung cau hoi mau #18 cho intent lich_thi
Cho bi?t th?i gian b?t ??u thi,lich_thi,"mssv|lop,hoc_ky,nam_hoc",db_query,"B?n vui l?ng cung c?p MSSV (ho?c l?p), h?c k? v? n?m h?c ?? m?nh tra c?u l?ch thi ch?nh x?c.",1,Bo sung cau hoi mau #19 cho intent lich_thi
M?nh c?n l?ch thi chi ti?t,lich_thi,"mssv|lop,hoc_ky,nam_hoc",db_query,"B?n vui l?ng cung c?p MSSV (ho?c l?p), h?c k? v? n?m h?c ?? m?nh tra c?u l?ch thi ch?nh x?c.",1,Bo sung cau hoi mau #20 cho intent lich_thi
Cho m?nh h?i th?m v? lich_thi #21,lich_thi,"mssv|lop,hoc_ky,nam_hoc",db_query,"B?n vui l?ng cung c?p MSSV (ho?c l?p), h?c k? v? n?m h?c ?? m?nh tra c?u l?ch thi ch?nh x?c.",1,Bo sung cau hoi mau #21 cho intent lich_thi
Cho m?nh h?i th?m v? lich_thi #22,lich_thi,"mssv|lop,hoc_ky,nam_hoc",db_query,"B?n vui l?ng cung c?p MSSV (ho?c l?p), h?c k? v? n?m h?c ?? m?nh tra c?u l?ch thi ch?nh x?c.",1,Bo sung cau hoi mau #22 cho intent lich_thi
Cho m?nh h?i th?m v? lich_thi #23,lich_thi,"mssv|lop,hoc_ky,nam_hoc",db_query,"B?n vui l?ng cung c?p MSSV (ho?c l?p), h?c k? v? n?m h?c ?? m?nh tra c?u l?ch thi ch?nh x?c.",1,Bo sung cau hoi mau #23 cho intent lich_thi
Cho m?nh h?i th?m v? lich_thi #24,lich_thi,"mssv|lop,hoc_ky,nam_hoc",db_query,"B?n vui l?ng cung c?p MSSV (ho?c l?p), h?c k? v? n?m h?c ?? m?nh tra c?u l?ch thi ch?nh x?c.",1,Bo sung cau hoi mau #24 cho intent lich_thi
Cho m?nh h?i th?m v? lich_thi #25,lich_thi,"mssv|lop,hoc_ky,nam_hoc",db_query,"B?n vui l?ng cung c?p MSSV (ho?c l?p), h?c k? v? n?m h?c ?? m?nh tra c?u l?ch thi ch?nh x?c.",1,Bo sung cau hoi mau #25 cho intent lich_thi
Phòng học hôm nay,phong_hoc,"ma_mon|ten_mon,ngay|tuan,hoc_ky,nam_hoc",db_query,"B?n vui l?ng cung c?p m? m?n (ho?c t?n m?n), ng?y/tu?n h?c, h?c k? v? n?m h?c ?? m?nh tra c?u ph?ng h?c.",0,
Hôm nay học phòng nào,phong_hoc,"ma_mon|ten_mon,ngay|tuan,hoc_ky,nam_hoc",db_query,"B?n vui l?ng cung c?p m? m?n (ho?c t?n m?n), ng?y/tu?n h?c, h?c k? v? n?m h?c ?? m?nh tra c?u ph?ng h?c.",0,
Môn X học phòng nào,phong_hoc,"ma_mon|ten_mon,ngay|tuan,hoc_ky,nam_hoc",db_query,"B?n vui l?ng cung c?p m? m?n (ho?c t?n m?n), ng?y/tu?n h?c, h?c k? v? n?m h?c ?? m?nh tra c?u ph?ng h?c.",0,
Tra cứu phòng học,phong_hoc,"ma_mon|ten_mon,ngay|tuan,hoc_ky,nam_hoc",db_query,"B?n vui l?ng cung c?p m? m?n (ho?c t?n m?n), ng?y/tu?n h?c, h?c k? v? n?m h?c ?? m?nh tra c?u ph?ng h?c.",0,
Phòng học của lớp mình,phong_hoc,"ma_mon|ten_mon,ngay|tuan,hoc_ky,nam_hoc",db_query,"B?n vui l?ng cung c?p m? m?n (ho?c t?n m?n), ng?y/tu?n h?c, h?c k? v? n?m h?c ?? m?nh tra c?u ph?ng h?c.",0,
M?n n?y h?c ? ph?ng n?o?,phong_hoc,"ma_mon|ten_mon,ngay|tuan,hoc_ky,nam_hoc",db_query,"B?n vui l?ng cung c?p m? m?n (ho?c t?n m?n), ng?y/tu?n h?c, h?c k? v? n?m h?c ?? m?nh tra c?u ph?ng h?c.",1,Bo sung cau hoi mau #1 cho intent phong_hoc
Cho m?nh bi?t ph?ng h?c h?m nay,phong_hoc,"ma_mon|ten_mon,ngay|tuan,hoc_ky,nam_hoc",db_query,"B?n vui l?ng cung c?p m? m?n (ho?c t?n m?n), ng?y/tu?n h?c, h?c k? v? n?m h?c ?? m?nh tra c?u ph?ng h?c.",1,Bo sung cau hoi mau #2 cho intent phong_hoc
Tra c?u ph?ng h?c theo m? m?n,phong_hoc,"ma_mon|ten_mon,ngay|tuan,hoc_ky,nam_hoc",db_query,"B?n vui l?ng cung c?p m? m?n (ho?c t?n m?n), ng?y/tu?n h?c, h?c k? v? n?m h?c ?? m?nh tra c?u ph?ng h?c.",1,Bo sung cau hoi mau #3 cho intent phong_hoc
L?p em h?c ph?ng n?o tu?n n?y?,phong_hoc,"ma_mon|ten_mon,ngay|tuan,hoc_ky,nam_hoc",db_query,"B?n vui l?ng cung c?p m? m?n (ho?c t?n m?n), ng?y/tu?n h?c, h?c k? v? n?m h?c ?? m?nh tra c?u ph?ng h?c.",1,Bo sung cau hoi mau #4 cho intent phong_hoc
Bu?i h?c ng?y mai ? ph?ng n?o?,phong_hoc,"ma_mon|ten_mon,ngay|tuan,hoc_ky,nam_hoc",db_query,"B?n vui l?ng cung c?p m? m?n (ho?c t?n m?n), ng?y/tu?n h?c, h?c k? v? n?m h?c ?? m?nh tra c?u ph?ng h?c.",1,Bo sung cau hoi mau #5 cho intent phong_hoc
Ph?ng h?c c?a m?n CSDL l? g??,phong_hoc,"ma_mon|ten_mon,ngay|tuan,hoc_ky,nam_hoc",db_query,"B?n vui l?ng cung c?p m? m?n (ho?c t?n m?n), ng?y/tu?n h?c, h?c k? v? n?m h?c ?? m?nh tra c?u ph?ng h?c.",1,Bo sung cau hoi mau #6 cho intent phong_hoc
M?n To?n r?i r?c h?c ph?ng n?o?,phong_hoc,"ma_mon|ten_mon,ngay|tuan,hoc_ky,nam_hoc",db_query,"B?n vui l?ng cung c?p m? m?n (ho?c t?n m?n), ng?y/tu?n h?c, h?c k? v? n?m h?c ?? m?nh tra c?u ph?ng h?c.",1,Bo sung cau hoi mau #7 cho intent phong_hoc
Tra ph?ng h?c theo th?i kh?a bi?u,phong_hoc,"ma_mon|ten_mon,ngay|tuan,hoc_ky,nam_hoc",db_query,"B?n vui l?ng cung c?p m? m?n (ho?c t?n m?n), ng?y/tu?n h?c, h?c k? v? n?m h?c ?? m?nh tra c?u ph?ng h?c.",1,Bo sung cau hoi mau #8 cho intent phong_hoc
H?c ca s?ng ? ph?ng n?o?,phong_hoc,"ma_mon|ten_mon,ngay|tuan,hoc_ky,nam_hoc",db_query,"B?n vui l?ng cung c?p m? m?n (ho?c t?n m?n), ng?y/tu?n h?c, h?c k? v? n?m h?c ?? m?nh tra c?u ph?ng h?c.",1,Bo sung cau hoi mau #9 cho intent phong_hoc
L?p CNTT1 ?ang h?c ph?ng n?o?,phong_hoc,"ma_mon|ten_mon,ngay|tuan,hoc_ky,nam_hoc",db_query,"B?n vui l?ng cung c?p m? m?n (ho?c t?n m?n), ng?y/tu?n h?c, h?c k? v? n?m h?c ?? m?nh tra c?u ph?ng h?c.",1,Bo sung cau hoi mau #10 cho intent phong_hoc
Ph?ng h?c c? thay ??i kh?ng?,phong_hoc,"ma_mon|ten_mon,ngay|tuan,hoc_ky,nam_hoc",db_query,"B?n vui l?ng cung c?p m? m?n (ho?c t?n m?n), ng?y/tu?n h?c, h?c k? v? n?m h?c ?? m?nh tra c?u ph?ng h?c.",1,Bo sung cau hoi mau #11 cho intent phong_hoc
Cho em ph?ng h?c h?c k? n?y,phong_hoc,"ma_mon|ten_mon,ngay|tuan,hoc_ky,nam_hoc",db_query,"B?n vui l?ng cung c?p m? m?n (ho?c t?n m?n), ng?y/tu?n h?c, h?c k? v? n?m h?c ?? m?nh tra c?u ph?ng h?c.",1,Bo sung cau hoi mau #12 cho intent phong_hoc
Tra c?u ph?ng h?c theo tu?n,phong_hoc,"ma_mon|ten_mon,ngay|tuan,hoc_ky,nam_hoc",db_query,"B?n vui l?ng cung c?p m? m?n (ho?c t?n m?n), ng?y/tu?n h?c, h?c k? v? n?m h?c ?? m?nh tra c?u ph?ng h?c.",1,Bo sung cau hoi mau #13 cho intent phong_hoc
H?m nay em h?c ph?ng g??,phong_hoc,"ma_mon|ten_mon,ngay|tuan,hoc_ky,nam_hoc",db_query,"B?n vui l?ng cung c?p m? m?n (ho?c t?n m?n), ng?y/tu?n h?c, h?c k? v? n?m h?c ?? m?nh tra c?u ph?ng h?c.",1,Bo sung cau hoi mau #14 cho intent phong_hoc
Ng?y th? 3 h?c ph?ng n?o?,phong_hoc,"ma_mon|ten_mon,ngay|tuan,hoc_ky,nam_hoc",db_query,"B?n vui l?ng cung c?p m? m?n (ho?c t?n m?n), ng?y/tu?n h?c, h?c k? v? n?m h?c ?? m?nh tra c?u ph?ng h?c.",1,Bo sung cau hoi mau #15 cho intent phong_hoc
Tra ph?ng h?c theo l?p,phong_hoc,"ma_mon|ten_mon,ngay|tuan,hoc_ky,nam_hoc",db_query,"B?n vui l?ng cung c?p m? m?n (ho?c t?n m?n), ng?y/tu?n h?c, h?c k? v? n?m h?c ?? m?nh tra c?u ph?ng h?c.",1,Bo sung cau hoi mau #16 cho intent phong_hoc
M?n n?y h?c t?a n?o?,phong_hoc,"ma_mon|ten_mon,ngay|tuan,hoc_ky,nam_hoc",db_query,"B?n vui l?ng cung c?p m? m?n (ho?c t?n m?n), ng?y/tu?n h?c, h?c k? v? n?m h?c ?? m?nh tra c?u ph?ng h?c.",1,Bo sung cau hoi mau #17 cho intent phong_hoc
Cho m?nh ??a ?i?m h?c c?a m?n n?y,phong_hoc,"ma_mon|ten_mon,ngay|tuan,hoc_ky,nam_hoc",db_query,"B?n vui l?ng cung c?p m? m?n (ho?c t?n m?n), ng?y/tu?n h?c, h?c k? v? n?m h?c ?? m?nh tra c?u ph?ng h?c.",1,Bo sung cau hoi mau #18 cho intent phong_hoc
Bu?i chi?u h?c ph?ng n?o?,phong_hoc,"ma_mon|ten_mon,ngay|tuan,hoc_ky,nam_hoc",db_query,"B?n vui l?ng cung c?p m? m?n (ho?c t?n m?n), ng?y/tu?n h?c, h?c k? v? n?m h?c ?? m?nh tra c?u ph?ng h?c.",1,Bo sung cau hoi mau #19 cho intent phong_hoc
Tra c?u ph?ng h?c chi ti?t,phong_hoc,"ma_mon|ten_mon,ngay|tuan,hoc_ky,nam_hoc",db_query,"B?n vui l?ng cung c?p m? m?n (ho?c t?n m?n), ng?y/tu?n h?c, h?c k? v? n?m h?c ?? m?nh tra c?u ph?ng h?c.",1,Bo sung cau hoi mau #20 cho intent phong_hoc
Cho m?nh h?i th?m v? phong_hoc #21,phong_hoc,"ma_mon|ten_mon,ngay|tuan,hoc_ky,nam_hoc",db_query,"B?n vui l?ng cung c?p m? m?n (ho?c t?n m?n), ng?y/tu?n h?c, h?c k? v? n?m h?c ?? m?nh tra c?u ph?ng h?c.",1,Bo sung cau hoi mau #21 cho intent phong_hoc
Cho m?nh h?i th?m v? phong_hoc #22,phong_hoc,"ma_mon|ten_mon,ngay|tuan,hoc_ky,nam_hoc",db_query,"B?n vui l?ng cung c?p m? m?n (ho?c t?n m?n), ng?y/tu?n h?c, h?c k? v? n?m h?c ?? m?nh tra c?u ph?ng h?c.",1,Bo sung cau hoi mau #22 cho intent phong_hoc
Cho m?nh h?i th?m v? phong_hoc #23,phong_hoc,"ma_mon|ten_mon,ngay|tuan,hoc_ky,nam_hoc",db_query,"B?n vui l?ng cung c?p m? m?n (ho?c t?n m?n), ng?y/tu?n h?c, h?c k? v? n?m h?c ?? m?nh tra c?u ph?ng h?c.",1,Bo sung cau hoi mau #23 cho intent phong_hoc
Cho m?nh h?i th?m v? phong_hoc #24,phong_hoc,"ma_mon|ten_mon,ngay|tuan,hoc_ky,nam_hoc",db_query,"B?n vui l?ng cung c?p m? m?n (ho?c t?n m?n), ng?y/tu?n h?c, h?c k? v? n?m h?c ?? m?nh tra c?u ph?ng h?c.",1,Bo sung cau hoi mau #24 cho intent phong_hoc
Cho m?nh h?i th?m v? phong_hoc #25,phong_hoc,"ma_mon|ten_mon,ngay|tuan,hoc_ky,nam_hoc",db_query,"B?n vui l?ng cung c?p m? m?n (ho?c t?n m?n), ng?y/tu?n h?c, h?c k? v? n?m h?c ?? m?nh tra c?u ph?ng h?c.",1,Bo sung cau hoi mau #25 cho intent phong_hoc
Quy chế đào tạo,quy_che_dao_tao,chu_de_quy_che,faq,"B?n mu?n xem quy ch? ??o t?o theo ch? ?? n?o (??ng k? h?c ph?n, ?i?m s?, c?nh b?o h?c v?, x?t t?t nghi?p)?",0,
Cho xem quy chế đào tạo,quy_che_dao_tao,chu_de_quy_che,faq,"B?n mu?n xem quy ch? ??o t?o theo ch? ?? n?o (??ng k? h?c ph?n, ?i?m s?, c?nh b?o h?c v?, x?t t?t nghi?p)?",0,
Quy chế đào tạo là gì,quy_che_dao_tao,chu_de_quy_che,faq,"B?n mu?n xem quy ch? ??o t?o theo ch? ?? n?o (??ng k? h?c ph?n, ?i?m s?, c?nh b?o h?c v?, x?t t?t nghi?p)?",0,
Xem quy chế đào tạo ở đâu,quy_che_dao_tao,chu_de_quy_che,faq,"B?n mu?n xem quy ch? ??o t?o theo ch? ?? n?o (??ng k? h?c ph?n, ?i?m s?, c?nh b?o h?c v?, x?t t?t nghi?p)?",0,
Quy chế đào tạo hiện hành,quy_che_dao_tao,chu_de_quy_che,faq,"B?n mu?n xem quy ch? ??o t?o theo ch? ?? n?o (??ng k? h?c ph?n, ?i?m s?, c?nh b?o h?c v?, x?t t?t nghi?p)?",0,
Cho m?nh xem quy ch? ??o t?o,quy_che_dao_tao,chu_de_quy_che,faq,"B?n mu?n xem quy ch? ??o t?o theo ch? ?? n?o (??ng k? h?c ph?n, ?i?m s?, c?nh b?o h?c v?, x?t t?t nghi?p)?",1,Bo sung cau hoi mau #1 cho intent quy_che_dao_tao
Quy ??nh ??o t?o hi?n h?nh l? g??,quy_che_dao_tao,chu_de_quy_che,faq,"B?n mu?n xem quy ch? ??o t?o theo ch? ?? n?o (??ng k? h?c ph?n, ?i?m s?, c?nh b?o h?c v?, x?t t?t nghi?p)?",1,Bo sung cau hoi mau #2 cho intent quy_che_dao_tao
Quy ch? ??ng k? m?n h?c,quy_che_dao_tao,chu_de_quy_che,faq,"B?n mu?n xem quy ch? ??o t?o theo ch? ?? n?o (??ng k? h?c ph?n, ?i?m s?, c?nh b?o h?c v?, x?t t?t nghi?p)?",1,Bo sung cau hoi mau #3 cho intent quy_che_dao_tao
Quy ??nh ?i?m chuy?n c?n,quy_che_dao_tao,chu_de_quy_che,faq,"B?n mu?n xem quy ch? ??o t?o theo ch? ?? n?o (??ng k? h?c ph?n, ?i?m s?, c?nh b?o h?c v?, x?t t?t nghi?p)?",1,Bo sung cau hoi mau #4 cho intent quy_che_dao_tao
Quy ch? t?nh ?i?m h?c ph?n,quy_che_dao_tao,chu_de_quy_che,faq,"B?n mu?n xem quy ch? ??o t?o theo ch? ?? n?o (??ng k? h?c ph?n, ?i?m s?, c?nh b?o h?c v?, x?t t?t nghi?p)?",1,Bo sung cau hoi mau #5 cho intent quy_che_dao_tao
Quy ??nh h?c l?i v? c?i thi?n ?i?m,quy_che_dao_tao,chu_de_quy_che,faq,"B?n mu?n xem quy ch? ??o t?o theo ch? ?? n?o (??ng k? h?c ph?n, ?i?m s?, c?nh b?o h?c v?, x?t t?t nghi?p)?",1,Bo sung cau hoi mau #6 cho intent quy_che_dao_tao
Quy ch? ngh? h?c c? ph?p,quy_che_dao_tao,chu_de_quy_che,faq,"B?n mu?n xem quy ch? ??o t?o theo ch? ?? n?o (??ng k? h?c ph?n, ?i?m s?, c?nh b?o h?c v?, x?t t?t nghi?p)?",1,Bo sung cau hoi mau #7 cho intent quy_che_dao_tao
?i?u ki?n b?o l?u k?t qu? h?c t?p,quy_che_dao_tao,chu_de_quy_che,faq,"B?n mu?n xem quy ch? ??o t?o theo ch? ?? n?o (??ng k? h?c ph?n, ?i?m s?, c?nh b?o h?c v?, x?t t?t nghi?p)?",1,Bo sung cau hoi mau #8 cho intent quy_che_dao_tao
Quy ??nh c?nh b?o h?c v?,quy_che_dao_tao,chu_de_quy_che,faq,"B?n mu?n xem quy ch? ??o t?o theo ch? ?? n?o (??ng k? h?c ph?n, ?i?m s?, c?nh b?o h?c v?, x?t t?t nghi?p)?",1,Bo sung cau hoi mau #9 cho intent quy_che_dao_tao
Quy ??nh th?i h?c,quy_che_dao_tao,chu_de_quy_che,faq,"B?n mu?n xem quy ch? ??o t?o theo ch? ?? n?o (??ng k? h?c ph?n, ?i?m s?, c?nh b?o h?c v?, x?t t?t nghi?p)?",1,Bo sung cau hoi mau #10 cho intent quy_che_dao_tao
Quy ch? thi k?t th?c h?c ph?n,quy_che_dao_tao,chu_de_quy_che,faq,"B?n mu?n xem quy ch? ??o t?o theo ch? ?? n?o (??ng k? h?c ph?n, ?i?m s?, c?nh b?o h?c v?, x?t t?t nghi?p)?",1,Bo sung cau hoi mau #11 cho intent quy_che_dao_tao
Quy ??nh ph?c kh?o ?i?m thi,quy_che_dao_tao,chu_de_quy_che,faq,"B?n mu?n xem quy ch? ??o t?o theo ch? ?? n?o (??ng k? h?c ph?n, ?i?m s?, c?nh b?o h?c v?, x?t t?t nghi?p)?",1,Bo sung cau hoi mau #12 cho intent quy_che_dao_tao
Quy ??nh x?t h?c b?ng,quy_che_dao_tao,chu_de_quy_che,faq,"B?n mu?n xem quy ch? ??o t?o theo ch? ?? n?o (??ng k? h?c ph?n, ?i?m s?, c?nh b?o h?c v?, x?t t?t nghi?p)?",1,Bo sung cau hoi mau #13 cho intent quy_che_dao_tao
Quy ??nh chuy?n ng?nh,quy_che_dao_tao,chu_de_quy_che,faq,"B?n mu?n xem quy ch? ??o t?o theo ch? ?? n?o (??ng k? h?c ph?n, ?i?m s?, c?nh b?o h?c v?, x?t t?t nghi?p)?",1,Bo sung cau hoi mau #14 cho intent quy_che_dao_tao
Quy ch? h?c v??t,quy_che_dao_tao,chu_de_quy_che,faq,"B?n mu?n xem quy ch? ??o t?o theo ch? ?? n?o (??ng k? h?c ph?n, ?i?m s?, c?nh b?o h?c v?, x?t t?t nghi?p)?",1,Bo sung cau hoi mau #15 cho intent quy_che_dao_tao
Quy ??nh ??ng k? t?n ch? t?i ?a,quy_che_dao_tao,chu_de_quy_che,faq,"B?n mu?n xem quy ch? ??o t?o theo ch? ?? n?o (??ng k? h?c ph?n, ?i?m s?, c?nh b?o h?c v?, x?t t?t nghi?p)?",1,Bo sung cau hoi mau #16 cho intent quy_che_dao_tao
Quy ??nh chu?n ??u ra,quy_che_dao_tao,chu_de_quy_che,faq,"B?n mu?n xem quy ch? ??o t?o theo ch? ?? n?o (??ng k? h?c ph?n, ?i?m s?, c?nh b?o h?c v?, x?t t?t nghi?p)?",1,Bo sung cau hoi mau #17 cho intent quy_che_dao_tao
Quy ch? x? l? vi ph?m thi c?,quy_che_dao_tao,chu_de_quy_che,faq,"B?n mu?n xem quy ch? ??o t?o theo ch? ?? n?o (??ng k? h?c ph?n, ?i?m s?, c?nh b?o h?c v?, x?t t?t nghi?p)?",1,Bo sung cau hoi mau #18 cho intent quy_che_dao_tao
Quy ??nh ?i?m F x? l? th? n?o?,quy_che_dao_tao,chu_de_quy_che,faq,"B?n mu?n xem quy ch? ??o t?o theo ch? ?? n?o (??ng k? h?c ph?n, ?i?m s?, c?nh b?o h?c v?, x?t t?t nghi?p)?",1,Bo sung cau hoi mau #19 cho intent quy_che_dao_tao
Cho em link quy ch? ??o t?o,quy_che_dao_tao,chu_de_quy_che,faq,"B?n mu?n xem quy ch? ??o t?o theo ch? ?? n?o (??ng k? h?c ph?n, ?i?m s?, c?nh b?o h?c v?, x?t t?t nghi?p)?",1,Bo sung cau hoi mau #20 cho intent quy_che_dao_tao
Cho m?nh h?i th?m v? quy_che_dao_tao #21,quy_che_dao_tao,chu_de_quy_che,faq,"B?n mu?n xem quy ch? ??o t?o theo ch? ?? n?o (??ng k? h?c ph?n, ?i?m s?, c?nh b?o h?c v?, x?t t?t nghi?p)?",1,Bo sung cau hoi mau #21 cho intent quy_che_dao_tao
Cho m?nh h?i th?m v? quy_che_dao_tao #22,quy_che_dao_tao,chu_de_quy_che,faq,"B?n mu?n xem quy ch? ??o t?o theo ch? ?? n?o (??ng k? h?c ph?n, ?i?m s?, c?nh b?o h?c v?, x?t t?t nghi?p)?",1,Bo sung cau hoi mau #22 cho intent quy_che_dao_tao
Cho m?nh h?i th?m v? quy_che_dao_tao #23,quy_che_dao_tao,chu_de_quy_che,faq,"B?n mu?n xem quy ch? ??o t?o theo ch? ?? n?o (??ng k? h?c ph?n, ?i?m s?, c?nh b?o h?c v?, x?t t?t nghi?p)?",1,Bo sung cau hoi mau #23 cho intent quy_che_dao_tao
Cho m?nh h?i th?m v? quy_che_dao_tao #24,quy_che_dao_tao,chu_de_quy_che,faq,"B?n mu?n xem quy ch? ??o t?o theo ch? ?? n?o (??ng k? h?c ph?n, ?i?m s?, c?nh b?o h?c v?, x?t t?t nghi?p)?",1,Bo sung cau hoi mau #24 cho intent quy_che_dao_tao
Cho m?nh h?i th?m v? quy_che_dao_tao #25,quy_che_dao_tao,chu_de_quy_che,faq,"B?n mu?n xem quy ch? ??o t?o theo ch? ?? n?o (??ng k? h?c ph?n, ?i?m s?, c?nh b?o h?c v?, x?t t?t nghi?p)?",1,Bo sung cau hoi mau #25 cho intent quy_che_dao_tao
Quy định thi lại,quy_dinh_thi_lai_hoc_lai,ma_mon|ten_mon,faq,B?n mu?n h?i quy ??nh thi l?i/h?c l?i cho m?n n?o ?? m?nh tr? l?i ch?nh x?c h?n?,0,
Quy định học lại,quy_dinh_thi_lai_hoc_lai,ma_mon|ten_mon,faq,B?n mu?n h?i quy ??nh thi l?i/h?c l?i cho m?n n?o ?? m?nh tr? l?i ch?nh x?c h?n?,0,
Rớt môn thì làm sao,quy_dinh_thi_lai_hoc_lai,ma_mon|ten_mon,faq,B?n mu?n h?i quy ??nh thi l?i/h?c l?i cho m?n n?o ?? m?nh tr? l?i ch?nh x?c h?n?,0,
Thi lại tối đa mấy lần,quy_dinh_thi_lai_hoc_lai,ma_mon|ten_mon,faq,B?n mu?n h?i quy ??nh thi l?i/h?c l?i cho m?n n?o ?? m?nh tr? l?i ch?nh x?c h?n?,0,
Học lại có giới hạn không,quy_dinh_thi_lai_hoc_lai,ma_mon|ten_mon,faq,B?n mu?n h?i quy ??nh thi l?i/h?c l?i cho m?n n?o ?? m?nh tr? l?i ch?nh x?c h?n?,0,
Quy ??nh thi l?i nh? th? n?o?,quy_dinh_thi_lai_hoc_lai,ma_mon|ten_mon,faq,B?n mu?n h?i quy ??nh thi l?i/h?c l?i cho m?n n?o ?? m?nh tr? l?i ch?nh x?c h?n?,1,Bo sung cau hoi mau #1 cho intent quy_dinh_thi_lai_hoc_lai
Khi n?o ???c thi l?i m?n?,quy_dinh_thi_lai_hoc_lai,ma_mon|ten_mon,faq,B?n mu?n h?i quy ??nh thi l?i/h?c l?i cho m?n n?o ?? m?nh tr? l?i ch?nh x?c h?n?,1,Bo sung cau hoi mau #2 cho intent quy_dinh_thi_lai_hoc_lai
Thi l?i c? m?t ph? kh?ng?,quy_dinh_thi_lai_hoc_lai,ma_mon|ten_mon,faq,B?n mu?n h?i quy ??nh thi l?i/h?c l?i cho m?n n?o ?? m?nh tr? l?i ch?nh x?c h?n?,1,Bo sung cau hoi mau #3 cho intent quy_dinh_thi_lai_hoc_lai
?i?m D c? c?n h?c l?i kh?ng?,quy_dinh_thi_lai_hoc_lai,ma_mon|ten_mon,faq,B?n mu?n h?i quy ??nh thi l?i/h?c l?i cho m?n n?o ?? m?nh tr? l?i ch?nh x?c h?n?,1,Bo sung cau hoi mau #4 cho intent quy_dinh_thi_lai_hoc_lai
M?n F th? thi l?i hay h?c l?i?,quy_dinh_thi_lai_hoc_lai,ma_mon|ten_mon,faq,B?n mu?n h?i quy ??nh thi l?i/h?c l?i cho m?n n?o ?? m?nh tr? l?i ch?nh x?c h?n?,1,Bo sung cau hoi mau #5 cho intent quy_dinh_thi_lai_hoc_lai
??ng k? thi l?i ? ??u?,quy_dinh_thi_lai_hoc_lai,ma_mon|ten_mon,faq,B?n mu?n h?i quy ??nh thi l?i/h?c l?i cho m?n n?o ?? m?nh tr? l?i ch?nh x?c h?n?,1,Bo sung cau hoi mau #6 cho intent quy_dinh_thi_lai_hoc_lai
H?c l?i m?n c? t?nh ?i?m th? n?o?,quy_dinh_thi_lai_hoc_lai,ma_mon|ten_mon,faq,B?n mu?n h?i quy ??nh thi l?i/h?c l?i cho m?n n?o ?? m?nh tr? l?i ch?nh x?c h?n?,1,Bo sung cau hoi mau #7 cho intent quy_dinh_thi_lai_hoc_lai
Thi c?i thi?n ?i?m quy ??nh ra sao?,quy_dinh_thi_lai_hoc_lai,ma_mon|ten_mon,faq,B?n mu?n h?i quy ??nh thi l?i/h?c l?i cho m?n n?o ?? m?nh tr? l?i ch?nh x?c h?n?,1,Bo sung cau hoi mau #8 cho intent quy_dinh_thi_lai_hoc_lai
M?i m?n ???c thi l?i m?y l?n?,quy_dinh_thi_lai_hoc_lai,ma_mon|ten_mon,faq,B?n mu?n h?i quy ??nh thi l?i/h?c l?i cho m?n n?o ?? m?nh tr? l?i ch?nh x?c h?n?,1,Bo sung cau hoi mau #9 cho intent quy_dinh_thi_lai_hoc_lai
H?c l?i c? m? l?p ri?ng kh?ng?,quy_dinh_thi_lai_hoc_lai,ma_mon|ten_mon,faq,B?n mu?n h?i quy ??nh thi l?i/h?c l?i cho m?n n?o ?? m?nh tr? l?i ch?nh x?c h?n?,1,Bo sung cau hoi mau #10 cho intent quy_dinh_thi_lai_hoc_lai
?i?u ki?n ??ng k? h?c l?i,quy_dinh_thi_lai_hoc_lai,ma_mon|ten_mon,faq,B?n mu?n h?i quy ??nh thi l?i/h?c l?i cho m?n n?o ?? m?nh tr? l?i ch?nh x?c h?n?,1,Bo sung cau hoi mau #11 cho intent quy_dinh_thi_lai_hoc_lai
Thi l?i c? thay ?i?m c? kh?ng?,quy_dinh_thi_lai_hoc_lai,ma_mon|ten_mon,faq,B?n mu?n h?i quy ??nh thi l?i/h?c l?i cho m?n n?o ?? m?nh tr? l?i ch?nh x?c h?n?,1,Bo sung cau hoi mau #12 cho intent quy_dinh_thi_lai_hoc_lai
M?n th?c h?nh c? ???c thi l?i kh?ng?,quy_dinh_thi_lai_hoc_lai,ma_mon|ten_mon,faq,B?n mu?n h?i quy ??nh thi l?i/h?c l?i cho m?n n?o ?? m?nh tr? l?i ch?nh x?c h?n?,1,Bo sung cau hoi mau #13 cho intent quy_dinh_thi_lai_hoc_lai
Thi l?i kh?c h?c l?i th? n?o?,quy_dinh_thi_lai_hoc_lai,ma_mon|ten_mon,faq,B?n mu?n h?i quy ??nh thi l?i/h?c l?i cho m?n n?o ?? m?nh tr? l?i ch?nh x?c h?n?,1,Bo sung cau hoi mau #14 cho intent quy_dinh_thi_lai_hoc_lai
H?n ??ng k? thi l?i,quy_dinh_thi_lai_hoc_lai,ma_mon|ten_mon,faq,B?n mu?n h?i quy ??nh thi l?i/h?c l?i cho m?n n?o ?? m?nh tr? l?i ch?nh x?c h?n?,1,Bo sung cau hoi mau #15 cho intent quy_dinh_thi_lai_hoc_lai
??ng ph? thi l?i khi n?o?,quy_dinh_thi_lai_hoc_lai,ma_mon|ten_mon,faq,B?n mu?n h?i quy ??nh thi l?i/h?c l?i cho m?n n?o ?? m?nh tr? l?i ch?nh x?c h?n?,1,Bo sung cau hoi mau #16 cho intent quy_dinh_thi_lai_hoc_lai
?i?m h?c l?i t?nh GPA kh?ng?,quy_dinh_thi_lai_hoc_lai,ma_mon|ten_mon,faq,B?n mu?n h?i quy ??nh thi l?i/h?c l?i cho m?n n?o ?? m?nh tr? l?i ch?nh x?c h?n?,1,Bo sung cau hoi mau #17 cho intent quy_dinh_thi_lai_hoc_lai
Thi l?i tr??t th? sao?,quy_dinh_thi_lai_hoc_lai,ma_mon|ten_mon,faq,B?n mu?n h?i quy ??nh thi l?i/h?c l?i cho m?n n?o ?? m?nh tr? l?i ch?nh x?c h?n?,1,Bo sung cau hoi mau #18 cho intent quy_dinh_thi_lai_hoc_lai
Quy ??nh h?c l?i m?n ti?n quy?t,quy_dinh_thi_lai_hoc_lai,ma_mon|ten_mon,faq,B?n mu?n h?i quy ??nh thi l?i/h?c l?i cho m?n n?o ?? m?nh tr? l?i ch?nh x?c h?n?,1,Bo sung cau hoi mau #19 cho intent quy_dinh_thi_lai_hoc_lai
L?ch thi l?i c?ng b? ? ??u?,quy_dinh_thi_lai_hoc_lai,ma_mon|ten_mon,faq,B?n mu?n h?i quy ??nh thi l?i/h?c l?i cho m?n n?o ?? m?nh tr? l?i ch?nh x?c h?n?,1,Bo sung cau hoi mau #20 cho intent quy_dinh_thi_lai_hoc_lai
Cho m?nh h?i th?m v? quy_dinh_thi_lai_hoc_lai #21,quy_dinh_thi_lai_hoc_lai,ma_mon|ten_mon,faq,B?n mu?n h?i quy ??nh thi l?i/h?c l?i cho m?n n?o ?? m?nh tr? l?i ch?nh x?c h?n?,1,Bo sung cau hoi mau #21 cho intent quy_dinh_thi_lai_hoc_lai
Cho m?nh h?i th?m v? quy_dinh_thi_lai_hoc_lai #22,quy_dinh_thi_lai_hoc_lai,ma_mon|ten_mon,faq,B?n mu?n h?i quy ??nh thi l?i/h?c l?i cho m?n n?o ?? m?nh tr? l?i ch?nh x?c h?n?,1,Bo sung cau hoi mau #22 cho intent quy_dinh_thi_lai_hoc_lai
Cho m?nh h?i th?m v? quy_dinh_thi_lai_hoc_lai #23,quy_dinh_thi_lai_hoc_lai,ma_mon|ten_mon,faq,B?n mu?n h?i quy ??nh thi l?i/h?c l?i cho m?n n?o ?? m?nh tr? l?i ch?nh x?c h?n?,1,Bo sung cau hoi mau #23 cho intent quy_dinh_thi_lai_hoc_lai
Cho m?nh h?i th?m v? quy_dinh_thi_lai_hoc_lai #24,quy_dinh_thi_lai_hoc_lai,ma_mon|ten_mon,faq,B?n mu?n h?i quy ??nh thi l?i/h?c l?i cho m?n n?o ?? m?nh tr? l?i ch?nh x?c h?n?,1,Bo sung cau hoi mau #24 cho intent quy_dinh_thi_lai_hoc_lai
Cho m?nh h?i th?m v? quy_dinh_thi_lai_hoc_lai #25,quy_dinh_thi_lai_hoc_lai,ma_mon|ten_mon,faq,B?n mu?n h?i quy ??nh thi l?i/h?c l?i cho m?n n?o ?? m?nh tr? l?i ch?nh x?c h?n?,1,Bo sung cau hoi mau #25 cho intent quy_dinh_thi_lai_hoc_lai
Khi nào đóng học phí,thoi_gian_dong_hoc_phi,"hoc_ky,nam_hoc",faq,Th?i gian ??ng h?c ph? ph? thu?c h?c k? v? th?ng b?o c?a tr??ng. B?n mu?n tra c?u h?c k? n?o?,0,
Hạn đóng học phí là khi nào,thoi_gian_dong_hoc_phi,"hoc_ky,nam_hoc",faq,Th?i gian ??ng h?c ph? ph? thu?c h?c k? v? th?ng b?o c?a tr??ng. B?n mu?n tra c?u h?c k? n?o?,0,
Thời gian đóng học phí kỳ này,thoi_gian_dong_hoc_phi,"hoc_ky,nam_hoc",faq,Th?i gian ??ng h?c ph? ph? thu?c h?c k? v? th?ng b?o c?a tr??ng. B?n mu?n tra c?u h?c k? n?o?,0,
Đóng học phí lúc nào,thoi_gian_dong_hoc_phi,"hoc_ky,nam_hoc",faq,Th?i gian ??ng h?c ph? ph? thu?c h?c k? v? th?ng b?o c?a tr??ng. B?n mu?n tra c?u h?c k? n?o?,0,
Deadline đóng học phí,thoi_gian_dong_hoc_phi,"hoc_ky,nam_hoc",faq,Th?i gian ??ng h?c ph? ph? thu?c h?c k? v? th?ng b?o c?a tr??ng. B?n mu?n tra c?u h?c k? n?o?,0,
Khi n?o ??ng h?c ph? h?c k? n?y?,thoi_gian_dong_hoc_phi,"hoc_ky,nam_hoc",faq,Th?i gian ??ng h?c ph? ph? thu?c h?c k? v? th?ng b?o c?a tr??ng. B?n mu?n tra c?u h?c k? n?o?,1,Bo sung cau hoi mau #1 cho intent thoi_gian_dong_hoc_phi
H?n ??ng h?c ph? l? ng?y n?o?,thoi_gian_dong_hoc_phi,"hoc_ky,nam_hoc",faq,Th?i gian ??ng h?c ph? ph? thu?c h?c k? v? th?ng b?o c?a tr??ng. B?n mu?n tra c?u h?c k? n?o?,1,Bo sung cau hoi mau #2 cho intent thoi_gian_dong_hoc_phi
L?ch ??ng h?c ph? n?m nay,thoi_gian_dong_hoc_phi,"hoc_ky,nam_hoc",faq,Th?i gian ??ng h?c ph? ph? thu?c h?c k? v? th?ng b?o c?a tr??ng. B?n mu?n tra c?u h?c k? n?o?,1,Bo sung cau hoi mau #3 cho intent thoi_gian_dong_hoc_phi
??t 1 ??ng h?c ph? khi n?o?,thoi_gian_dong_hoc_phi,"hoc_ky,nam_hoc",faq,Th?i gian ??ng h?c ph? ph? thu?c h?c k? v? th?ng b?o c?a tr??ng. B?n mu?n tra c?u h?c k? n?o?,1,Bo sung cau hoi mau #4 cho intent thoi_gian_dong_hoc_phi
C? gia h?n ??ng h?c ph? kh?ng?,thoi_gian_dong_hoc_phi,"hoc_ky,nam_hoc",faq,Th?i gian ??ng h?c ph? ph? thu?c h?c k? v? th?ng b?o c?a tr??ng. B?n mu?n tra c?u h?c k? n?o?,1,Bo sung cau hoi mau #5 cho intent thoi_gian_dong_hoc_phi
Th?i gian thu h?c ph? h?c k? 2,thoi_gian_dong_hoc_phi,"hoc_ky,nam_hoc",faq,Th?i gian ??ng h?c ph? ph? thu?c h?c k? v? th?ng b?o c?a tr??ng. B?n mu?n tra c?u h?c k? n?o?,1,Bo sung cau hoi mau #6 cho intent thoi_gian_dong_hoc_phi
Bao gi? m? c?ng ??ng h?c ph??,thoi_gian_dong_hoc_phi,"hoc_ky,nam_hoc",faq,Th?i gian ??ng h?c ph? ph? thu?c h?c k? v? th?ng b?o c?a tr??ng. B?n mu?n tra c?u h?c k? n?o?,1,Bo sung cau hoi mau #7 cho intent thoi_gian_dong_hoc_phi
??ng h?c ph? ??n ng?y m?y?,thoi_gian_dong_hoc_phi,"hoc_ky,nam_hoc",faq,Th?i gian ??ng h?c ph? ph? thu?c h?c k? v? th?ng b?o c?a tr??ng. B?n mu?n tra c?u h?c k? n?o?,1,Bo sung cau hoi mau #8 cho intent thoi_gian_dong_hoc_phi
Th?ng b?o th?i h?n ??ng h?c ph?,thoi_gian_dong_hoc_phi,"hoc_ky,nam_hoc",faq,Th?i gian ??ng h?c ph? ph? thu?c h?c k? v? th?ng b?o c?a tr??ng. B?n mu?n tra c?u h?c k? n?o?,1,Bo sung cau hoi mau #9 cho intent thoi_gian_dong_hoc_phi
M?c th?i gian n?p h?c ph?,thoi_gian_dong_hoc_phi,"hoc_ky,nam_hoc",faq,Th?i gian ??ng h?c ph? ph? thu?c h?c k? v? th?ng b?o c?a tr??ng. B?n mu?n tra c?u h?c k? n?o?,1,Bo sung cau hoi mau #10 cho intent thoi_gian_dong_hoc_phi
Cho em l?ch ??ng h?c ph?,thoi_gian_dong_hoc_phi,"hoc_ky,nam_hoc",faq,Th?i gian ??ng h?c ph? ph? thu?c h?c k? v? th?ng b?o c?a tr??ng. B?n mu?n tra c?u h?c k? n?o?,1,Bo sung cau hoi mau #11 cho intent thoi_gian_dong_hoc_phi
H?c k? n?y ??ng h?c ph? l?c n?o?,thoi_gian_dong_hoc_phi,"hoc_ky,nam_hoc",faq,Th?i gian ??ng h?c ph? ph? thu?c h?c k? v? th?ng b?o c?a tr??ng. B?n mu?n tra c?u h?c k? n?o?,1,Bo sung cau hoi mau #12 cho intent thoi_gian_dong_hoc_phi
??t b? sung h?c ph? khi n?o?,thoi_gian_dong_hoc_phi,"hoc_ky,nam_hoc",faq,Th?i gian ??ng h?c ph? ph? thu?c h?c k? v? th?ng b?o c?a tr??ng. B?n mu?n tra c?u h?c k? n?o?,1,Bo sung cau hoi mau #13 cho intent thoi_gian_dong_hoc_phi
Deadline h?c ph? l? g??,thoi_gian_dong_hoc_phi,"hoc_ky,nam_hoc",faq,Th?i gian ??ng h?c ph? ph? thu?c h?c k? v? th?ng b?o c?a tr??ng. B?n mu?n tra c?u h?c k? n?o?,1,Bo sung cau hoi mau #14 cho intent thoi_gian_dong_hoc_phi
M?y gi? ??ng c?ng h?c ph??,thoi_gian_dong_hoc_phi,"hoc_ky,nam_hoc",faq,Th?i gian ??ng h?c ph? ph? thu?c h?c k? v? th?ng b?o c?a tr??ng. B?n mu?n tra c?u h?c k? n?o?,1,Bo sung cau hoi mau #15 cho intent thoi_gian_dong_hoc_phi
Tr? h?n ??ng h?c ph? x? l? sao?,thoi_gian_dong_hoc_phi,"hoc_ky,nam_hoc",faq,Th?i gian ??ng h?c ph? ph? thu?c h?c k? v? th?ng b?o c?a tr??ng. B?n mu?n tra c?u h?c k? n?o?,1,Bo sung cau hoi mau #16 cho intent thoi_gian_dong_hoc_phi
L?ch thu h?c ph? m?i nh?t,thoi_gian_dong_hoc_phi,"hoc_ky,nam_hoc",faq,Th?i gian ??ng h?c ph? ph? thu?c h?c k? v? th?ng b?o c?a tr??ng. B?n mu?n tra c?u h?c k? n?o?,1,Bo sung cau hoi mau #17 cho intent thoi_gian_dong_hoc_phi
Khi n?o c? th?ng b?o ??ng ph??,thoi_gian_dong_hoc_phi,"hoc_ky,nam_hoc",faq,Th?i gian ??ng h?c ph? ph? thu?c h?c k? v? th?ng b?o c?a tr??ng. B?n mu?n tra c?u h?c k? n?o?,1,Bo sung cau hoi mau #18 cho intent thoi_gian_dong_hoc_phi
Cho bi?t khung th?i gian ??ng h?c ph?,thoi_gian_dong_hoc_phi,"hoc_ky,nam_hoc",faq,Th?i gian ??ng h?c ph? ph? thu?c h?c k? v? th?ng b?o c?a tr??ng. B?n mu?n tra c?u h?c k? n?o?,1,Bo sung cau hoi mau #19 cho intent thoi_gian_dong_hoc_phi
Th?i gian n?p h?c ph? c?a sinh vi?n,thoi_gian_dong_hoc_phi,"hoc_ky,nam_hoc",faq,Th?i gian ??ng h?c ph? ph? thu?c h?c k? v? th?ng b?o c?a tr??ng. B?n mu?n tra c?u h?c k? n?o?,1,Bo sung cau hoi mau #20 cho intent thoi_gian_dong_hoc_phi
Cho m?nh h?i th?m v? thoi_gian_dong_hoc_phi #21,thoi_gian_dong_hoc_phi,"hoc_ky,nam_hoc",faq,Th?i gian ??ng h?c ph? ph? thu?c h?c k? v? th?ng b?o c?a tr??ng. B?n mu?n tra c?u h?c k? n?o?,1,Bo sung cau hoi mau #21 cho intent thoi_gian_dong_hoc_phi
Cho m?nh h?i th?m v? thoi_gian_dong_hoc_phi #22,thoi_gian_dong_hoc_phi,"hoc_ky,nam_hoc",faq,Th?i gian ??ng h?c ph? ph? thu?c h?c k? v? th?ng b?o c?a tr??ng. B?n mu?n tra c?u h?c k? n?o?,1,Bo sung cau hoi mau #22 cho intent thoi_gian_dong_hoc_phi
Cho m?nh h?i th?m v? thoi_gian_dong_hoc_phi #23,thoi_gian_dong_hoc_phi,"hoc_ky,nam_hoc",faq,Th?i gian ??ng h?c ph? ph? thu?c h?c k? v? th?ng b?o c?a tr??ng. B?n mu?n tra c?u h?c k? n?o?,1,Bo sung cau hoi mau #23 cho intent thoi_gian_dong_hoc_phi
Cho m?nh h?i th?m v? thoi_gian_dong_hoc_phi #24,thoi_gian_dong_hoc_phi,"hoc_ky,nam_hoc",faq,Th?i gian ??ng h?c ph? ph? thu?c h?c k? v? th?ng b?o c?a tr??ng. B?n mu?n tra c?u h?c k? n?o?,1,Bo sung cau hoi mau #24 cho intent thoi_gian_dong_hoc_phi
Cho m?nh h?i th?m v? thoi_gian_dong_hoc_phi #25,thoi_gian_dong_hoc_phi,"hoc_ky,nam_hoc",faq,Th?i gian ??ng h?c ph? ph? thu?c h?c k? v? th?ng b?o c?a tr??ng. B?n mu?n tra c?u h?c k? n?o?,1,Bo sung cau hoi mau #25 cho intent thoi_gian_dong_hoc_phi
Thời gian mở hệ thống,thoi_gian_mo_dong_he_thong,"chuc_nang,hoc_ky|dot",faq,"B?n mu?n tra c?u th?i gian m?/??ng h? th?ng cho ch?c n?ng n?o (??ng k? m?n, h?c ph?, kh?o s?t, ...) ?",0,
Thời gian đóng hệ thống,thoi_gian_mo_dong_he_thong,"chuc_nang,hoc_ky|dot",faq,"B?n mu?n tra c?u th?i gian m?/??ng h? th?ng cho ch?c n?ng n?o (??ng k? m?n, h?c ph?, kh?o s?t, ...) ?",0,
Khi nào mở portal,thoi_gian_mo_dong_he_thong,"chuc_nang,hoc_ky|dot",faq,"B?n mu?n tra c?u th?i gian m?/??ng h? th?ng cho ch?c n?ng n?o (??ng k? m?n, h?c ph?, kh?o s?t, ...) ?",0,
Khi nào đóng portal,thoi_gian_mo_dong_he_thong,"chuc_nang,hoc_ky|dot",faq,"B?n mu?n tra c?u th?i gian m?/??ng h? th?ng cho ch?c n?ng n?o (??ng k? m?n, h?c ph?, kh?o s?t, ...) ?",0,
Portal mở đến khi nào,thoi_gian_mo_dong_he_thong,"chuc_nang,hoc_ky|dot",faq,"B?n mu?n tra c?u th?i gian m?/??ng h? th?ng cho ch?c n?ng n?o (??ng k? m?n, h?c ph?, kh?o s?t, ...) ?",0,
Khi n?o m? h? th?ng ??ng k? m?n?,thoi_gian_mo_dong_he_thong,"chuc_nang,hoc_ky|dot",faq,"B?n mu?n tra c?u th?i gian m?/??ng h? th?ng cho ch?c n?ng n?o (??ng k? m?n, h?c ph?, kh?o s?t, ...) ?",1,Bo sung cau hoi mau #1 cho intent thoi_gian_mo_dong_he_thong
Khi n?o ??ng h? th?ng ??ng k? m?n?,thoi_gian_mo_dong_he_thong,"chuc_nang,hoc_ky|dot",faq,"B?n mu?n tra c?u th?i gian m?/??ng h? th?ng cho ch?c n?ng n?o (??ng k? m?n, h?c ph?, kh?o s?t, ...) ?",1,Bo sung cau hoi mau #2 cho intent thoi_gian_mo_dong_he_thong
Gi? m? c?ng h?c ph? l? l?c n?o?,thoi_gian_mo_dong_he_thong,"chuc_nang,hoc_ky|dot",faq,"B?n mu?n tra c?u th?i gian m?/??ng h? th?ng cho ch?c n?ng n?o (??ng k? m?n, h?c ph?, kh?o s?t, ...) ?",1,Bo sung cau hoi mau #3 cho intent thoi_gian_mo_dong_he_thong
Gi? ??ng c?ng h?c ph? l? m?y gi??,thoi_gian_mo_dong_he_thong,"chuc_nang,hoc_ky|dot",faq,"B?n mu?n tra c?u th?i gian m?/??ng h? th?ng cho ch?c n?ng n?o (??ng k? m?n, h?c ph?, kh?o s?t, ...) ?",1,Bo sung cau hoi mau #4 cho intent thoi_gian_mo_dong_he_thong
H? th?ng c? m? cu?i tu?n kh?ng?,thoi_gian_mo_dong_he_thong,"chuc_nang,hoc_ky|dot",faq,"B?n mu?n tra c?u th?i gian m?/??ng h? th?ng cho ch?c n?ng n?o (??ng k? m?n, h?c ph?, kh?o s?t, ...) ?",1,Bo sung cau hoi mau #5 cho intent thoi_gian_mo_dong_he_thong
L?ch m? ??ng h? th?ng tu?n n?y,thoi_gian_mo_dong_he_thong,"chuc_nang,hoc_ky|dot",faq,"B?n mu?n tra c?u th?i gian m?/??ng h? th?ng cho ch?c n?ng n?o (??ng k? m?n, h?c ph?, kh?o s?t, ...) ?",1,Bo sung cau hoi mau #6 cho intent thoi_gian_mo_dong_he_thong
Khi n?o m? ch?c n?ng ph?c kh?o?,thoi_gian_mo_dong_he_thong,"chuc_nang,hoc_ky|dot",faq,"B?n mu?n tra c?u th?i gian m?/??ng h? th?ng cho ch?c n?ng n?o (??ng k? m?n, h?c ph?, kh?o s?t, ...) ?",1,Bo sung cau hoi mau #7 cho intent thoi_gian_mo_dong_he_thong
Bao gi? ??ng ch?c n?ng ph?c kh?o?,thoi_gian_mo_dong_he_thong,"chuc_nang,hoc_ky|dot",faq,"B?n mu?n tra c?u th?i gian m?/??ng h? th?ng cho ch?c n?ng n?o (??ng k? m?n, h?c ph?, kh?o s?t, ...) ?",1,Bo sung cau hoi mau #8 cho intent thoi_gian_mo_dong_he_thong
Th?i gian m? h? th?ng kh?o s?t m?n h?c,thoi_gian_mo_dong_he_thong,"chuc_nang,hoc_ky|dot",faq,"B?n mu?n tra c?u th?i gian m?/??ng h? th?ng cho ch?c n?ng n?o (??ng k? m?n, h?c ph?, kh?o s?t, ...) ?",1,Bo sung cau hoi mau #9 cho intent thoi_gian_mo_dong_he_thong
C?ng sinh vi?n m? t? m?y gi??,thoi_gian_mo_dong_he_thong,"chuc_nang,hoc_ky|dot",faq,"B?n mu?n tra c?u th?i gian m?/??ng h? th?ng cho ch?c n?ng n?o (??ng k? m?n, h?c ph?, kh?o s?t, ...) ?",1,Bo sung cau hoi mau #10 cho intent thoi_gian_mo_dong_he_thong
C?ng sinh vi?n ??ng l?c n?o?,thoi_gian_mo_dong_he_thong,"chuc_nang,hoc_ky|dot",faq,"B?n mu?n tra c?u th?i gian m?/??ng h? th?ng cho ch?c n?ng n?o (??ng k? m?n, h?c ph?, kh?o s?t, ...) ?",1,Bo sung cau hoi mau #11 cho intent thoi_gian_mo_dong_he_thong
L?ch m? ??ng h? th?ng h?c k? n?y,thoi_gian_mo_dong_he_thong,"chuc_nang,hoc_ky|dot",faq,"B?n mu?n tra c?u th?i gian m?/??ng h? th?ng cho ch?c n?ng n?o (??ng k? m?n, h?c ph?, kh?o s?t, ...) ?",1,Bo sung cau hoi mau #12 cho intent thoi_gian_mo_dong_he_thong
H? th?ng ??ng k? m?n m? ??t b? sung khi n?o?,thoi_gian_mo_dong_he_thong,"chuc_nang,hoc_ky|dot",faq,"B?n mu?n tra c?u th?i gian m?/??ng h? th?ng cho ch?c n?ng n?o (??ng k? m?n, h?c ph?, kh?o s?t, ...) ?",1,Bo sung cau hoi mau #13 cho intent thoi_gian_mo_dong_he_thong
Th?i gian m? h? th?ng theo t?ng ch?c n?ng,thoi_gian_mo_dong_he_thong,"chuc_nang,hoc_ky|dot",faq,"B?n mu?n tra c?u th?i gian m?/??ng h? th?ng cho ch?c n?ng n?o (??ng k? m?n, h?c ph?, kh?o s?t, ...) ?",1,Bo sung cau hoi mau #14 cho intent thoi_gian_mo_dong_he_thong
Khi n?o m? ch?c n?ng in bi?n lai?,thoi_gian_mo_dong_he_thong,"chuc_nang,hoc_ky|dot",faq,"B?n mu?n tra c?u th?i gian m?/??ng h? th?ng cho ch?c n?ng n?o (??ng k? m?n, h?c ph?, kh?o s?t, ...) ?",1,Bo sung cau hoi mau #15 cho intent thoi_gian_mo_dong_he_thong
Bao gi? kh?a ch?c n?ng ??ng k? m?n?,thoi_gian_mo_dong_he_thong,"chuc_nang,hoc_ky|dot",faq,"B?n mu?n tra c?u th?i gian m?/??ng h? th?ng cho ch?c n?ng n?o (??ng k? m?n, h?c ph?, kh?o s?t, ...) ?",1,Bo sung cau hoi mau #16 cho intent thoi_gian_mo_dong_he_thong
Khung gi? b?o tr? h? th?ng l? khi n?o?,thoi_gian_mo_dong_he_thong,"chuc_nang,hoc_ky|dot",faq,"B?n mu?n tra c?u th?i gian m?/??ng h? th?ng cho ch?c n?ng n?o (??ng k? m?n, h?c ph?, kh?o s?t, ...) ?",1,Bo sung cau hoi mau #17 cho intent thoi_gian_mo_dong_he_thong
L?ch m? h? th?ng m?i nh?t,thoi_gian_mo_dong_he_thong,"chuc_nang,hoc_ky|dot",faq,"B?n mu?n tra c?u th?i gian m?/??ng h? th?ng cho ch?c n?ng n?o (??ng k? m?n, h?c ph?, kh?o s?t, ...) ?",1,Bo sung cau hoi mau #18 cho intent thoi_gian_mo_dong_he_thong
C? th?ng b?o m? l?i h? th?ng kh?ng?,thoi_gian_mo_dong_he_thong,"chuc_nang,hoc_ky|dot",faq,"B?n mu?n tra c?u th?i gian m?/??ng h? th?ng cho ch?c n?ng n?o (??ng k? m?n, h?c ph?, kh?o s?t, ...) ?",1,Bo sung cau hoi mau #19 cho intent thoi_gian_mo_dong_he_thong
M?c m? ??ng h? th?ng ch?nh x?c l? g??,thoi_gian_mo_dong_he_thong,"chuc_nang,hoc_ky|dot",faq,"B?n mu?n tra c?u th?i gian m?/??ng h? th?ng cho ch?c n?ng n?o (??ng k? m?n, h?c ph?, kh?o s?t, ...) ?",1,Bo sung cau hoi mau #20 cho intent thoi_gian_mo_dong_he_thong
Cho m?nh h?i th?m v? thoi_gian_mo_dong_he_thong #21,thoi_gian_mo_dong_he_thong,"chuc_nang,hoc_ky|dot",faq,"B?n mu?n tra c?u th?i gian m?/??ng h? th?ng cho ch?c n?ng n?o (??ng k? m?n, h?c ph?, kh?o s?t, ...) ?",1,Bo sung cau hoi mau #21 cho intent thoi_gian_mo_dong_he_thong
Cho m?nh h?i th?m v? thoi_gian_mo_dong_he_thong #22,thoi_gian_mo_dong_he_thong,"chuc_nang,hoc_ky|dot",faq,"B?n mu?n tra c?u th?i gian m?/??ng h? th?ng cho ch?c n?ng n?o (??ng k? m?n, h?c ph?, kh?o s?t, ...) ?",1,Bo sung cau hoi mau #22 cho intent thoi_gian_mo_dong_he_thong
Cho m?nh h?i th?m v? thoi_gian_mo_dong_he_thong #23,thoi_gian_mo_dong_he_thong,"chuc_nang,hoc_ky|dot",faq,"B?n mu?n tra c?u th?i gian m?/??ng h? th?ng cho ch?c n?ng n?o (??ng k? m?n, h?c ph?, kh?o s?t, ...) ?",1,Bo sung cau hoi mau #23 cho intent thoi_gian_mo_dong_he_thong
Cho m?nh h?i th?m v? thoi_gian_mo_dong_he_thong #24,thoi_gian_mo_dong_he_thong,"chuc_nang,hoc_ky|dot",faq,"B?n mu?n tra c?u th?i gian m?/??ng h? th?ng cho ch?c n?ng n?o (??ng k? m?n, h?c ph?, kh?o s?t, ...) ?",1,Bo sung cau hoi mau #24 cho intent thoi_gian_mo_dong_he_thong
Cho m?nh h?i th?m v? thoi_gian_mo_dong_he_thong #25,thoi_gian_mo_dong_he_thong,"chuc_nang,hoc_ky|dot",faq,"B?n mu?n tra c?u th?i gian m?/??ng h? th?ng cho ch?c n?ng n?o (??ng k? m?n, h?c ph?, kh?o s?t, ...) ?",1,Bo sung cau hoi mau #25 cho intent thoi_gian_mo_dong_he_thong
Thông báo đăng ký môn,thong_bao_dang_ky_mon,"hoc_ky,nam_hoc",faq,B?n mu?n xem th?ng b?o ??ng k? m?n c?a h?c k? v? n?m h?c n?o?,0,
Thông báo mở đăng ký môn,thong_bao_dang_ky_mon,"hoc_ky,nam_hoc",faq,B?n mu?n xem th?ng b?o ??ng k? m?n c?a h?c k? v? n?m h?c n?o?,0,
Thông báo đóng đăng ký môn,thong_bao_dang_ky_mon,"hoc_ky,nam_hoc",faq,B?n mu?n xem th?ng b?o ??ng k? m?n c?a h?c k? v? n?m h?c n?o?,0,
Khi nào có thông báo đăng ký môn,thong_bao_dang_ky_mon,"hoc_ky,nam_hoc",faq,B?n mu?n xem th?ng b?o ??ng k? m?n c?a h?c k? v? n?m h?c n?o?,0,
Thông báo về đăng ký học phần,thong_bao_dang_ky_mon,"hoc_ky,nam_hoc",faq,B?n mu?n xem th?ng b?o ??ng k? m?n c?a h?c k? v? n?m h?c n?o?,0,
Khi n?o m? ??ng k? m?n?,thong_bao_dang_ky_mon,"hoc_ky,nam_hoc",faq,B?n mu?n xem th?ng b?o ??ng k? m?n c?a h?c k? v? n?m h?c n?o?,1,Bo sung cau hoi mau #1 cho intent thong_bao_dang_ky_mon
Th?ng b?o ??ng k? h?c ph?n ? ??u?,thong_bao_dang_ky_mon,"hoc_ky,nam_hoc",faq,B?n mu?n xem th?ng b?o ??ng k? m?n c?a h?c k? v? n?m h?c n?o?,1,Bo sung cau hoi mau #2 cho intent thong_bao_dang_ky_mon
L?ch ??ng k? m?n h?c k? n?y,thong_bao_dang_ky_mon,"hoc_ky,nam_hoc",faq,B?n mu?n xem th?ng b?o ??ng k? m?n c?a h?c k? v? n?m h?c n?o?,1,Bo sung cau hoi mau #3 cho intent thong_bao_dang_ky_mon
??t ??ng k? b? sung m?n khi n?o?,thong_bao_dang_ky_mon,"hoc_ky,nam_hoc",faq,B?n mu?n xem th?ng b?o ??ng k? m?n c?a h?c k? v? n?m h?c n?o?,1,Bo sung cau hoi mau #4 cho intent thong_bao_dang_ky_mon
Bao gi? ??ng ??ng k? m?n?,thong_bao_dang_ky_mon,"hoc_ky,nam_hoc",faq,B?n mu?n xem th?ng b?o ??ng k? m?n c?a h?c k? v? n?m h?c n?o?,1,Bo sung cau hoi mau #5 cho intent thong_bao_dang_ky_mon
Th?i gian ??ng k? t?n ch?,thong_bao_dang_ky_mon,"hoc_ky,nam_hoc",faq,B?n mu?n xem th?ng b?o ??ng k? m?n c?a h?c k? v? n?m h?c n?o?,1,Bo sung cau hoi mau #6 cho intent thong_bao_dang_ky_mon
Th?ng b?o ??ng k? m?n m?i nh?t,thong_bao_dang_ky_mon,"hoc_ky,nam_hoc",faq,B?n mu?n xem th?ng b?o ??ng k? m?n c?a h?c k? v? n?m h?c n?o?,1,Bo sung cau hoi mau #7 cho intent thong_bao_dang_ky_mon
H?c k? 2 ??ng k? m?n khi n?o?,thong_bao_dang_ky_mon,"hoc_ky,nam_hoc",faq,B?n mu?n xem th?ng b?o ??ng k? m?n c?a h?c k? v? n?m h?c n?o?,1,Bo sung cau hoi mau #8 cho intent thong_bao_dang_ky_mon
M? h? th?ng ??ng k? m?n l?c m?y gi??,thong_bao_dang_ky_mon,"hoc_ky,nam_hoc",faq,B?n mu?n xem th?ng b?o ??ng k? m?n c?a h?c k? v? n?m h?c n?o?,1,Bo sung cau hoi mau #9 cho intent thong_bao_dang_ky_mon
C? gia h?n ??ng k? m?n kh?ng?,thong_bao_dang_ky_mon,"hoc_ky,nam_hoc",faq,B?n mu?n xem th?ng b?o ??ng k? m?n c?a h?c k? v? n?m h?c n?o?,1,Bo sung cau hoi mau #10 cho intent thong_bao_dang_ky_mon
Th?ng b?o r?t m?n khi n?o?,thong_bao_dang_ky_mon,"hoc_ky,nam_hoc",faq,B?n mu?n xem th?ng b?o ??ng k? m?n c?a h?c k? v? n?m h?c n?o?,1,Bo sung cau hoi mau #11 cho intent thong_bao_dang_ky_mon
L?ch ??ng k? m?n theo kh?a,thong_bao_dang_ky_mon,"hoc_ky,nam_hoc",faq,B?n mu?n xem th?ng b?o ??ng k? m?n c?a h?c k? v? n?m h?c n?o?,1,Bo sung cau hoi mau #12 cho intent thong_bao_dang_ky_mon
K?nh nh?n th?ng b?o ??ng k? m?n,thong_bao_dang_ky_mon,"hoc_ky,nam_hoc",faq,B?n mu?n xem th?ng b?o ??ng k? m?n c?a h?c k? v? n?m h?c n?o?,1,Bo sung cau hoi mau #13 cho intent thong_bao_dang_ky_mon
??ng k? m?n ??t 1 b?t ??u ng?y n?o?,thong_bao_dang_ky_mon,"hoc_ky,nam_hoc",faq,B?n mu?n xem th?ng b?o ??ng k? m?n c?a h?c k? v? n?m h?c n?o?,1,Bo sung cau hoi mau #14 cho intent thong_bao_dang_ky_mon
??t 2 ??ng k? m?n b?t ??u khi n?o?,thong_bao_dang_ky_mon,"hoc_ky,nam_hoc",faq,B?n mu?n xem th?ng b?o ??ng k? m?n c?a h?c k? v? n?m h?c n?o?,1,Bo sung cau hoi mau #15 cho intent thong_bao_dang_ky_mon
Th?i h?n ch?nh s?a ??ng k? m?n,thong_bao_dang_ky_mon,"hoc_ky,nam_hoc",faq,B?n mu?n xem th?ng b?o ??ng k? m?n c?a h?c k? v? n?m h?c n?o?,1,Bo sung cau hoi mau #16 cho intent thong_bao_dang_ky_mon
Th?ng b?o ??ng k? h?c ph?n cho l?p em,thong_bao_dang_ky_mon,"hoc_ky,nam_hoc",faq,B?n mu?n xem th?ng b?o ??ng k? m?n c?a h?c k? v? n?m h?c n?o?,1,Bo sung cau hoi mau #17 cho intent thong_bao_dang_ky_mon
??ng k? m?n tr?c tuy?n khi n?o m??,thong_bao_dang_ky_mon,"hoc_ky,nam_hoc",faq,B?n mu?n xem th?ng b?o ??ng k? m?n c?a h?c k? v? n?m h?c n?o?,1,Bo sung cau hoi mau #18 cho intent thong_bao_dang_ky_mon
Th?ng b?o h?c ph?n thay th? ? ??u?,thong_bao_dang_ky_mon,"hoc_ky,nam_hoc",faq,B?n mu?n xem th?ng b?o ??ng k? m?n c?a h?c k? v? n?m h?c n?o?,1,Bo sung cau hoi mau #19 cho intent thong_bao_dang_ky_mon
Xem l?ch ??ng k? m?n theo h?c k?,thong_bao_dang_ky_mon,"hoc_ky,nam_hoc",faq,B?n mu?n xem th?ng b?o ??ng k? m?n c?a h?c k? v? n?m h?c n?o?,1,Bo sung cau hoi mau #20 cho intent thong_bao_dang_ky_mon
Cho m?nh h?i th?m v? thong_bao_dang_ky_mon #21,thong_bao_dang_ky_mon,"hoc_ky,nam_hoc",faq,B?n mu?n xem th?ng b?o ??ng k? m?n c?a h?c k? v? n?m h?c n?o?,1,Bo sung cau hoi mau #21 cho intent thong_bao_dang_ky_mon
Cho m?nh h?i th?m v? thong_bao_dang_ky_mon #22,thong_bao_dang_ky_mon,"hoc_ky,nam_hoc",faq,B?n mu?n xem th?ng b?o ??ng k? m?n c?a h?c k? v? n?m h?c n?o?,1,Bo sung cau hoi mau #22 cho intent thong_bao_dang_ky_mon
Cho m?nh h?i th?m v? thong_bao_dang_ky_mon #23,thong_bao_dang_ky_mon,"hoc_ky,nam_hoc",faq,B?n mu?n xem th?ng b?o ??ng k? m?n c?a h?c k? v? n?m h?c n?o?,1,Bo sung cau hoi mau #23 cho intent thong_bao_dang_ky_mon
Cho m?nh h?i th?m v? thong_bao_dang_ky_mon #24,thong_bao_dang_ky_mon,"hoc_ky,nam_hoc",faq,B?n mu?n xem th?ng b?o ??ng k? m?n c?a h?c k? v? n?m h?c n?o?,1,Bo sung cau hoi mau #24 cho intent thong_bao_dang_ky_mon
Cho m?nh h?i th?m v? thong_bao_dang_ky_mon #25,thong_bao_dang_ky_mon,"hoc_ky,nam_hoc",faq,B?n mu?n xem th?ng b?o ??ng k? m?n c?a h?c k? v? n?m h?c n?o?,1,Bo sung cau hoi mau #25 cho intent thong_bao_dang_ky_mon
Thông báo nghỉ học,thong_bao_nghi_hoc,thoi_gian|khoa|lop,faq,B?n mu?n xem th?ng b?o ngh? h?c theo th?i gian n?o ho?c theo l?p/khoa n?o?,0,
Trường có thông báo nghỉ học không,thong_bao_nghi_hoc,thoi_gian|khoa|lop,faq,B?n mu?n xem th?ng b?o ngh? h?c theo th?i gian n?o ho?c theo l?p/khoa n?o?,0,
Hôm nay có nghỉ học không,thong_bao_nghi_hoc,thoi_gian|khoa|lop,faq,B?n mu?n xem th?ng b?o ngh? h?c theo th?i gian n?o ho?c theo l?p/khoa n?o?,0,
Thông báo nghỉ do thời tiết,thong_bao_nghi_hoc,thoi_gian|khoa|lop,faq,B?n mu?n xem th?ng b?o ngh? h?c theo th?i gian n?o ho?c theo l?p/khoa n?o?,0,
Nghỉ học đột xuất,thong_bao_nghi_hoc,thoi_gian|khoa|lop,faq,B?n mu?n xem th?ng b?o ngh? h?c theo th?i gian n?o ho?c theo l?p/khoa n?o?,0,
C? th?ng b?o ngh? h?c h?m nay kh?ng?,thong_bao_nghi_hoc,thoi_gian|khoa|lop,faq,B?n mu?n xem th?ng b?o ngh? h?c theo th?i gian n?o ho?c theo l?p/khoa n?o?,1,Bo sung cau hoi mau #1 cho intent thong_bao_nghi_hoc
Tr??ng c? ngh? h?c do b?o kh?ng?,thong_bao_nghi_hoc,thoi_gian|khoa|lop,faq,B?n mu?n xem th?ng b?o ngh? h?c theo th?i gian n?o ho?c theo l?p/khoa n?o?,1,Bo sung cau hoi mau #2 cho intent thong_bao_nghi_hoc
Th?ng b?o ngh? h?c m?i nh?t,thong_bao_nghi_hoc,thoi_gian|khoa|lop,faq,B?n mu?n xem th?ng b?o ngh? h?c theo th?i gian n?o ho?c theo l?p/khoa n?o?,1,Bo sung cau hoi mau #3 cho intent thong_bao_nghi_hoc
L?p em c? ngh? h?c kh?ng?,thong_bao_nghi_hoc,thoi_gian|khoa|lop,faq,B?n mu?n xem th?ng b?o ngh? h?c theo th?i gian n?o ho?c theo l?p/khoa n?o?,1,Bo sung cau hoi mau #4 cho intent thong_bao_nghi_hoc
Khoa CNTT c? ngh? h?c kh?ng?,thong_bao_nghi_hoc,thoi_gian|khoa|lop,faq,B?n mu?n xem th?ng b?o ngh? h?c theo th?i gian n?o ho?c theo l?p/khoa n?o?,1,Bo sung cau hoi mau #5 cho intent thong_bao_nghi_hoc
Ng?y mai c? ngh? h?c kh?ng?,thong_bao_nghi_hoc,thoi_gian|khoa|lop,faq,B?n mu?n xem th?ng b?o ngh? h?c theo th?i gian n?o ho?c theo l?p/khoa n?o?,1,Bo sung cau hoi mau #6 cho intent thong_bao_nghi_hoc
Th?ng b?o ngh? h?c tu?n n?y,thong_bao_nghi_hoc,thoi_gian|khoa|lop,faq,B?n mu?n xem th?ng b?o ngh? h?c theo th?i gian n?o ho?c theo l?p/khoa n?o?,1,Bo sung cau hoi mau #7 cho intent thong_bao_nghi_hoc
Ngh? h?c ??t xu?t c? th?ng b?o ? ??u?,thong_bao_nghi_hoc,thoi_gian|khoa|lop,faq,B?n mu?n xem th?ng b?o ngh? h?c theo th?i gian n?o ho?c theo l?p/khoa n?o?,1,Bo sung cau hoi mau #8 cho intent thong_bao_nghi_hoc
Tra th?ng b?o ngh? h?c theo l?p,thong_bao_nghi_hoc,thoi_gian|khoa|lop,faq,B?n mu?n xem th?ng b?o ngh? h?c theo th?i gian n?o ho?c theo l?p/khoa n?o?,1,Bo sung cau hoi mau #9 cho intent thong_bao_nghi_hoc
L?ch ngh? h?c do s? ki?n,thong_bao_nghi_hoc,thoi_gian|khoa|lop,faq,B?n mu?n xem th?ng b?o ngh? h?c theo th?i gian n?o ho?c theo l?p/khoa n?o?,1,Bo sung cau hoi mau #10 cho intent thong_bao_nghi_hoc
C? ngh? h?c v? m?t ?i?n kh?ng?,thong_bao_nghi_hoc,thoi_gian|khoa|lop,faq,B?n mu?n xem th?ng b?o ngh? h?c theo th?i gian n?o ho?c theo l?p/khoa n?o?,1,Bo sung cau hoi mau #11 cho intent thong_bao_nghi_hoc
Th?ng b?o ngh? h?c h?c k? n?y,thong_bao_nghi_hoc,thoi_gian|khoa|lop,faq,B?n mu?n xem th?ng b?o ngh? h?c theo th?i gian n?o ho?c theo l?p/khoa n?o?,1,Bo sung cau hoi mau #12 cho intent thong_bao_nghi_hoc
Ngh? h?c c? h?c b? kh?ng?,thong_bao_nghi_hoc,thoi_gian|khoa|lop,faq,B?n mu?n xem th?ng b?o ngh? h?c theo th?i gian n?o ho?c theo l?p/khoa n?o?,1,Bo sung cau hoi mau #13 cho intent thong_bao_nghi_hoc
Xem th?ng b?o ngh? h?c theo th?i gian,thong_bao_nghi_hoc,thoi_gian|khoa|lop,faq,B?n mu?n xem th?ng b?o ngh? h?c theo th?i gian n?o ho?c theo l?p/khoa n?o?,1,Bo sung cau hoi mau #14 cho intent thong_bao_nghi_hoc
Th?ng b?o t?m ngh? h?c t?p trung,thong_bao_nghi_hoc,thoi_gian|khoa|lop,faq,B?n mu?n xem th?ng b?o ngh? h?c theo th?i gian n?o ho?c theo l?p/khoa n?o?,1,Bo sung cau hoi mau #15 cho intent thong_bao_nghi_hoc
Cho em danh s?ch th?ng b?o ngh? h?c,thong_bao_nghi_hoc,thoi_gian|khoa|lop,faq,B?n mu?n xem th?ng b?o ngh? h?c theo th?i gian n?o ho?c theo l?p/khoa n?o?,1,Bo sung cau hoi mau #16 cho intent thong_bao_nghi_hoc
Th?ng b?o ngh? h?c c?a khoa em,thong_bao_nghi_hoc,thoi_gian|khoa|lop,faq,B?n mu?n xem th?ng b?o ngh? h?c theo th?i gian n?o ho?c theo l?p/khoa n?o?,1,Bo sung cau hoi mau #17 cho intent thong_bao_nghi_hoc
Nh? tr??ng ngh? h?c m?y ng?y?,thong_bao_nghi_hoc,thoi_gian|khoa|lop,faq,B?n mu?n xem th?ng b?o ngh? h?c theo th?i gian n?o ho?c theo l?p/khoa n?o?,1,Bo sung cau hoi mau #18 cho intent thong_bao_nghi_hoc
C? th?ng b?o d?ng h?c tr?c ti?p kh?ng?,thong_bao_nghi_hoc,thoi_gian|khoa|lop,faq,B?n mu?n xem th?ng b?o ngh? h?c theo th?i gian n?o ho?c theo l?p/khoa n?o?,1,Bo sung cau hoi mau #19 cho intent thong_bao_nghi_hoc
Th?ng b?o ngh? h?c ch?nh th?c ? ??u?,thong_bao_nghi_hoc,thoi_gian|khoa|lop,faq,B?n mu?n xem th?ng b?o ngh? h?c theo th?i gian n?o ho?c theo l?p/khoa n?o?,1,Bo sung cau hoi mau #20 cho intent thong_bao_nghi_hoc
Cho m?nh h?i th?m v? thong_bao_nghi_hoc #21,thong_bao_nghi_hoc,thoi_gian|khoa|lop,faq,B?n mu?n xem th?ng b?o ngh? h?c theo th?i gian n?o ho?c theo l?p/khoa n?o?,1,Bo sung cau hoi mau #21 cho intent thong_bao_nghi_hoc
Cho m?nh h?i th?m v? thong_bao_nghi_hoc #22,thong_bao_nghi_hoc,thoi_gian|khoa|lop,faq,B?n mu?n xem th?ng b?o ngh? h?c theo th?i gian n?o ho?c theo l?p/khoa n?o?,1,Bo sung cau hoi mau #22 cho intent thong_bao_nghi_hoc
Cho m?nh h?i th?m v? thong_bao_nghi_hoc #23,thong_bao_nghi_hoc,thoi_gian|khoa|lop,faq,B?n mu?n xem th?ng b?o ngh? h?c theo th?i gian n?o ho?c theo l?p/khoa n?o?,1,Bo sung cau hoi mau #23 cho intent thong_bao_nghi_hoc
Cho m?nh h?i th?m v? thong_bao_nghi_hoc #24,thong_bao_nghi_hoc,thoi_gian|khoa|lop,faq,B?n mu?n xem th?ng b?o ngh? h?c theo th?i gian n?o ho?c theo l?p/khoa n?o?,1,Bo sung cau hoi mau #24 cho intent thong_bao_nghi_hoc
Cho m?nh h?i th?m v? thong_bao_nghi_hoc #25,thong_bao_nghi_hoc,thoi_gian|khoa|lop,faq,B?n mu?n xem th?ng b?o ngh? h?c theo th?i gian n?o ho?c theo l?p/khoa n?o?,1,Bo sung cau hoi mau #25 cho intent thong_bao_nghi_hoc
